#
# A fatal error has been detected by the Java Runtime Environment:
#
#  SIGBUS (0xa) at pc=0x000000010431fc50, pid=56359, tid=5123
#
# JRE version: OpenJDK Runtime Environment Homebrew (21.0.11) (build 21.0.11)
# Java VM: OpenJDK 64-Bit Server VM Homebrew (21.0.11, mixed mode, emulated-client, sharing, tiered, compressed oops, compressed class ptrs, g1 gc, bsd-aarch64)
# Problematic frame:
# C  [libzip.dylib+0x3c50]  newEntry+0x68
#
# No core dump will be written. Core dumps have been disabled. To enable core dumping, try "ulimit -c unlimited" before starting Java again
#
# If you would like to submit a bug report, please visit:
#   https://github.com/Homebrew/homebrew-core/issues
# The crash happened outside the Java Virtual Machine in native code.
# See problematic frame for where to report the bug.
#

---------------  S U M M A R Y ------------

Command Line: -agentlib:jdwp=transport=dt_socket,address=127.0.0.1:62984,suspend=y,server=n -javaagent:/Users/josiaschweizer/Library/Caches/JetBrains/IntelliJIdea2026.1/captureAgent/debugger-agent.jar=file:///var/folders/nx/3xxrylk911ngxwk_cpzff9vm0000gn/T/capture9682858718960172714.props -agentpath:/private/var/folders/nx/3xxrylk911ngxwk_cpzff9vm0000gn/T/idea_libasyncProfiler_dylib_temp_folder/libasyncProfiler.dylib=version,jfr,event=wall,interval=10ms,cstack=no,file=/Users/josiaschweizer/IdeaSnapshots/Verno_Gateway_API_Server_2026_07_01_063011.jfr,log=/private/var/folders/nx/3xxrylk911ngxwk_cpzff9vm0000gn/T/Verno_Gateway_API_Server_2026_07_01_063011.jfr.log.txt,logLevel=DEBUG -XX:TieredStopAtLevel=1 -Dspring.output.ansi.enabled=always -Dcom.sun.management.jmxremote -Dspring.jmx.enabled=true -Dspring.liveBeansView.mbeanDomain -Dspring.application.admin.enabled=true -Dmanagement.endpoints.jmx.exposure.include=* -Dkotlinx.coroutines.debug.enable.creation.stack.trace=false -Ddebugger.agent.enable.coroutines=true -Dkotlinx.coroutines.debug.enable.flows.stack.trace=true -Dkotlinx.coroutines.debug.enable.mutable.state.flows.stack.trace=true -Ddebugger.async.stack.trace.for.all.threads=true -Dfile.encoding=ISO-8859-1 -Dsun.stdout.encoding=ISO-8859-1 -Dsun.stderr.encoding=ISO-8859-1 ch.verno.gateway.GatewayApplication

Host: "Mac15,6" arm64, 11 cores, 36G, Darwin 25.5.0, macOS 26.5.1 (25F80)
Time: Wed Jul  1 06:30:11 2026 CEST elapsed time: 0.679119 seconds (0d 0h 0m 0s)

---------------  T H R E A D  ---------------

Current thread (0x0000000104a30df0):  JavaThread "main"             [_thread_in_native, id=5123, stack(0x000000016bcf0000,0x000000016bef3000) (2060K)]

Stack: [0x000000016bcf0000,0x000000016bef3000],  sp=0x000000016bef18e0,  free space=2054k
Native frames: (J=compiled Java code, j=interpreted, Vv=VM code, C=native code)
C  [libzip.dylib+0x3c50]  newEntry+0x68
C  [libzip.dylib+0x3b5c]  ZIP_GetEntry+0xe0
C  [libzip.dylib+0x448c]  ZIP_FindEntry+0x1c
V  [libjvm.dylib+0x1d7298]  ClassPathZipEntry::open_entry(JavaThread*, char const*, int*, bool)+0x74
V  [libjvm.dylib+0x1d737c]  ClassPathZipEntry::open_stream(JavaThread*, char const*)+0x20
V  [libjvm.dylib+0x1d9648]  ClassLoader::load_class(Symbol*, bool, JavaThread*)+0x148
V  [libjvm.dylib+0x77471c]  SystemDictionary::load_instance_class_impl(Symbol*, Handle, JavaThread*)+0x2f0
V  [libjvm.dylib+0x773648]  SystemDictionary::load_instance_class(Symbol*, Handle, JavaThread*)+0x1c
V  [libjvm.dylib+0x773184]  SystemDictionary::resolve_instance_class_or_null(Symbol*, Handle, Handle, JavaThread*)+0x3d4
V  [libjvm.dylib+0x436e78]  JVM_FindClassFromBootLoader+0xbc
C  [libjava.dylib+0x3134]  Java_java_lang_ClassLoader_findBootstrapClass+0x60
j  java.lang.ClassLoader.findBootstrapClass(Ljava/lang/String;)Ljava/lang/Class;+0 java.base@21.0.11
j  java.lang.ClassLoader.findBootstrapClassOrNull(Ljava/lang/String;)Ljava/lang/Class;+10 java.base@21.0.11
j  java.lang.System$2.findBootstrapClassOrNull(Ljava/lang/String;)Ljava/lang/Class;+1 java.base@21.0.11
j  jdk.internal.loader.ClassLoaders$BootClassLoader.loadClassOrNull(Ljava/lang/String;Z)Ljava/lang/Class;+4 java.base@21.0.11
j  jdk.internal.loader.BuiltinClassLoader.loadClassOrNull(Ljava/lang/String;)Ljava/lang/Class;+3 java.base@21.0.11
j  jdk.internal.loader.BuiltinClassLoader.loadClassOrNull(Ljava/lang/String;Z)Ljava/lang/Class;+86 java.base@21.0.11
j  jdk.internal.loader.BuiltinClassLoader.loadClassOrNull(Ljava/lang/String;)Ljava/lang/Class;+3 java.base@21.0.11
j  jdk.internal.loader.BuiltinClassLoader.loadClassOrNull(Ljava/lang/String;Z)Ljava/lang/Class;+86 java.base@21.0.11
j  jdk.internal.loader.BuiltinClassLoader.loadClass(Ljava/lang/String;Z)Ljava/lang/Class;+3 java.base@21.0.11
j  jdk.internal.loader.ClassLoaders$AppClassLoader.loadClass(Ljava/lang/String;Z)Ljava/lang/Class;+36 java.base@21.0.11
j  java.lang.ClassLoader.loadClass(Ljava/lang/String;)Ljava/lang/Class;+3 java.base@21.0.11
j  sun.instrument.InstrumentationImpl.loadClassAndStartAgent(Ljava/lang/String;Ljava/lang/String;Ljava/lang/String;)V+8 java.instrument@21.0.11
j  sun.instrument.InstrumentationImpl.loadClassAndCallPremain(Ljava/lang/String;Ljava/lang/String;)V+6 java.instrument@21.0.11
v  ~StubRoutines::call_stub 0x000000011326c154
V  [libjvm.dylib+0x3a167c]  JavaCalls::call_helper(JavaValue*, methodHandle const&, JavaCallArguments*, JavaThread*)+0x244
V  [libjvm.dylib+0x3fc6e8]  jni_invoke_nonstatic(JNIEnv_*, JavaValue*, _jobject*, JNICallType, _jmethodID*, JNI_ArgumentPusher*, JavaThread*)+0x278
V  [libjvm.dylib+0x3fffe8]  jni_CallVoidMethod+0xd4
C  [libinstrument.dylib+0x5648]  invokeJavaAgentMainMethod+0x6c
C  [libinstrument.dylib+0x5478]  startJavaAgent+0x7c
C  [libinstrument.dylib+0x4f8c]  processJavaStart+0xc8
C  [libinstrument.dylib+0x4898]  eventHandlerVMInit+0x98
V  [libjvm.dylib+0x50d18c]  JvmtiExport::post_vm_initialized()+0x180
V  [libjvm.dylib+0x7b0538]  Threads::create_vm(JavaVMInitArgs*, bool*)+0x698
V  [libjvm.dylib+0x41305c]  JNI_CreateJavaVM+0x74
C  [libjli.dylib+0x53e0]  JavaMain+0x100
C  [libjli.dylib+0x83a4]  ThreadJavaMain+0xc
C  [libsystem_pthread.dylib+0x6c58]  _pthread_start+0x88
Java frames: (J=compiled Java code, j=interpreted, Vv=VM code)
j  java.lang.ClassLoader.findBootstrapClass(Ljava/lang/String;)Ljava/lang/Class;+0 java.base@21.0.11
j  java.lang.ClassLoader.findBootstrapClassOrNull(Ljava/lang/String;)Ljava/lang/Class;+10 java.base@21.0.11
j  java.lang.System$2.findBootstrapClassOrNull(Ljava/lang/String;)Ljava/lang/Class;+1 java.base@21.0.11
j  jdk.internal.loader.ClassLoaders$BootClassLoader.loadClassOrNull(Ljava/lang/String;Z)Ljava/lang/Class;+4 java.base@21.0.11
j  jdk.internal.loader.BuiltinClassLoader.loadClassOrNull(Ljava/lang/String;)Ljava/lang/Class;+3 java.base@21.0.11
j  jdk.internal.loader.BuiltinClassLoader.loadClassOrNull(Ljava/lang/String;Z)Ljava/lang/Class;+86 java.base@21.0.11
j  jdk.internal.loader.BuiltinClassLoader.loadClassOrNull(Ljava/lang/String;)Ljava/lang/Class;+3 java.base@21.0.11
j  jdk.internal.loader.BuiltinClassLoader.loadClassOrNull(Ljava/lang/String;Z)Ljava/lang/Class;+86 java.base@21.0.11
j  jdk.internal.loader.BuiltinClassLoader.loadClass(Ljava/lang/String;Z)Ljava/lang/Class;+3 java.base@21.0.11
j  jdk.internal.loader.ClassLoaders$AppClassLoader.loadClass(Ljava/lang/String;Z)Ljava/lang/Class;+36 java.base@21.0.11
j  java.lang.ClassLoader.loadClass(Ljava/lang/String;)Ljava/lang/Class;+3 java.base@21.0.11
j  sun.instrument.InstrumentationImpl.loadClassAndStartAgent(Ljava/lang/String;Ljava/lang/String;Ljava/lang/String;)V+8 java.instrument@21.0.11
j  sun.instrument.InstrumentationImpl.loadClassAndCallPremain(Ljava/lang/String;Ljava/lang/String;)V+6 java.instrument@21.0.11
v  ~StubRoutines::call_stub 0x000000011326c154

siginfo: si_signo: 10 (SIGBUS), si_code: 1 (BUS_ADRALN), si_addr: 0x00000001042228f8

Registers:
 x0=0x0000000bc263dc70  x1=0x0000000104604ce0  x2=0x00000000003ff800  x3=0x000000010460a040
 x4=0x0000000bc263dc70  x5=0x0000000000000000  x6=0xffffffffbfc007ff  x7=0xfffff0003ffff800
 x8=0x000000010434a8dc  x9=0x000000000012e8dc x10=0x0000000000128000 x11=0x0000000000000400
x12=0x0000000000000400 x13=0x6005effbcbdede87 x14=0x000000010469df80 x15=0x0000000bc263c000
x16=0x952d000bc263dc70 x17=0x0000000004000400 x18=0x0000000000000000 x19=0x0000000bc263dc70
x20=0x0000000104a31530 x21=0x0000000104a326f0 x22=0x00000001042228dc x23=0x0000000bc0801e30
x24=0x000000004d6bd2f9 x25=0x0000000000000000 x26=0x0000000bc263dc98 x27=0x0000000000000000
x28=0x0000000000000000  fp=0x000000016bef1970  lr=0x000000010431fc1c  sp=0x000000016bef18e0
pc=0x000000010431fc50 cpsr=0x0000000080001000

Register to memory mapping:

x0 =0x0000000bc263dc70 points into unknown readable memory: 0x0000000000000000 | 00 00 00 00 00 00 00 00
x1 =0x0000000104604ce0 points into unknown readable memory: 0x0000000000000000 | 00 00 00 00 00 00 00 00
x2 =0x00000000003ff800 is an unknown value
x3 =0x000000010460a040 points into unknown readable memory: 0x0002000411a77e00 | 00 7e a7 11 04 00 02 00
x4 =0x0000000bc263dc70 points into unknown readable memory: 0x0000000000000000 | 00 00 00 00 00 00 00 00
x5 =0x0 is null
x6 =0xffffffffbfc007ff is an unknown value
x7 =0xfffff0003ffff800 is an unknown value
x8 =0x000000010434a8dc is an unknown value
x9 =0x000000000012e8dc is an unknown value
x10=0x0000000000128000 is an unknown value
x11=0x0000000000000400 is an unknown value
x12=0x0000000000000400 is an unknown value
x13=0x6005effbcbdede87 is an unknown value
x14=0x000000010469df80 points into unknown readable memory: 0x0000700000437c00 | 00 7c 43 00 00 70 00 00
x15=0x0000000bc263c000 points into unknown readable memory: 0x7379532f0000ffff | ff ff 00 00 2f 53 79 73
x16=0x952d000bc263dc70 is an unknown value
x17=0x0000000004000400 is an unknown value
x18=0x0 is null
x19=0x0000000bc263dc70 points into unknown readable memory: 0x0000000000000000 | 00 00 00 00 00 00 00 00
x20=0x0000000104a31530 points into unknown readable memory: 0x65746e692f6d6f63 | 63 6f 6d 2f 69 6e 74 65
x21=0x0000000104a326f0 points into unknown readable memory: 0x0000000bb55e3b80 | 80 3b 5e b5 0b 00 00 00
x22=0x00000001042228dc points into unknown readable memory: 50 4b 01 02
x23=0x0000000bc0801e30 points into unknown readable memory: 0x000000cf4d6bd2f9 | f9 d2 6b 4d cf 00 00 00
x24=0x000000004d6bd2f9 is an unknown value
x25=0x0 is null
x26=0x0000000bc263dc98 points into unknown readable memory: 0x0000000000000000 | 00 00 00 00 00 00 00 00
x27=0x0 is null
x28=0x0 is null
 fp=0x000000016bef1970 is pointing into the stack for thread: 0x0000000104a30df0
 lr=0x000000010431fc1c: newEntry+0x34 in /opt/homebrew/Cellar/openjdk@21/21.0.11/libexec/openjdk.jdk/Contents/Home/lib/libzip.dylib at 0x000000010431c000
 sp=0x000000016bef18e0 is pointing into the stack for thread: 0x0000000104a30df0

Top of Stack: (sp=0x000000016bef18e0)
0x000000016bef18e0:   0000000000000000 0000000000000000   ................
0x000000016bef18f0:   0000000000000000 0000000000000000   ................
0x000000016bef1900:   0000000000000000 0000000000000000   ................
0x000000016bef1910:   0000000032aaaba2 0000000000000000   ...2............
0x000000016bef1920:   0000000000000000 000000010a7359d9   .........Ys.....
0x000000016bef1930:   000000016bef1e10 0000000000000000   ...k............
0x000000016bef1940:   000000004d6bd2f9 0000000bc0801e30   ..kM....0.......
0x000000016bef1950:   0000000000000000 0000000000000032   ........2.......
0x000000016bef1960:   0000000104a31530 0000000104a326f0   0........&......
0x000000016bef1970:   000000016bef19b0 000000010431fb5c   ...k....\.1.....
0x000000016bef1980:   000000000000002c 0000000104a30df0   ,...............
0x000000016bef1990:   0000000104a31530 000000016bef1adc   0..........k....
0x000000016bef19a0:   0000000bb56441e0 000000016bef19fc   .Ad........k....
0x000000016bef19b0:   000000016bef19e0 000000010432048c   ...k......2.....
0x000000016bef19c0:   0000000104a31530 000000016bef1adc   0..........k....
0x000000016bef19d0:   0000000bb56441e0 0000000000000000   .Ad.............
0x000000016bef19e0:   000000016bef1ac0 0000000109eaf298   ...k............
0x000000016bef19f0:   000000016bef1a10 000000010a31d780   ...k......1.....
0x000000016bef1a00:   0000000104a30df0 0000000000000100   ................
0x000000016bef1a10:   000000016bef1a30 000000010a11c040   0..k....@.......
0x000000016bef1a20:   000000016bef1aa0 0000000bc102c420   ...k.... .......
0x000000016bef1a30:   000000016bef1a70 000000010a489924   p..k....$.H.....
0x000000016bef1a40:   0000000000000000 0000000000000000   ................
0x000000016bef1a50:   0000000000000000 0000000000000001   ................
0x000000016bef1a60:   000000010a591c3c 000000016bef1b90   <.Y........k....
0x000000016bef1a70:   000000016bef1a90 0000000109eb2968   ...k....h)......
0x000000016bef1a80:   000000010a591c3c 17df91a60c7e0076   <.Y.....v.~.....
0x000000016bef1a90:   000000000000002c 0000000000000001   ,...............
0x000000016bef1aa0:   0000000104a31530 0000000bb56441e0   0........Ad.....
0x000000016bef1ab0:   0000000bc0c0a768 0000000bb56441e0   h........Ad.....
0x000000016bef1ac0:   000000016bef1af0 0000000109eaf37c   ...k....|.......
0x000000016bef1ad0:   0000000104a31530 0000000000000001   0...............

Instructions: (pc=0x000000010431fc50)
0x000000010431fb50:   e1 03 17 aa 02 00 80 52 24 00 00 94 a0 02 00 b4
0x000000010431fb60:   f6 03 00 aa 08 44 40 b9 1f 01 15 6b 41 01 00 54
0x000000010431fb70:   c8 02 40 f9 e9 03 15 aa ea 03 14 aa 29 05 00 71
0x000000010431fb80:   0b 02 00 54 0b 15 40 38 4c 15 40 38 7f 01 0c 6b
0x000000010431fb90:   60 ff ff 54 60 2a 40 f9 5c 04 00 94 e0 03 13 aa
0x000000010431fba0:   e1 03 16 aa 96 ff ff 97 60 2a 40 f9 54 04 00 94
0x000000010431fbb0:   e8 06 40 b9 1f 05 00 31 01 fc ff 54 16 00 80 d2
0x000000010431fbc0:   60 2a 40 f9 51 04 00 94 e0 03 16 aa fd 7b 43 a9
0x000000010431fbd0:   f4 4f 42 a9 f6 57 41 a9 f8 5f c4 a8 c0 03 5f d6
0x000000010431fbe0:   7f 4e 00 f9 f7 ff ff 17 ff 83 02 d1 fc 6f 04 a9
0x000000010431fbf0:   fa 67 05 a9 f8 5f 06 a9 f6 57 07 a9 f4 4f 08 a9
0x000000010431fc00:   fd 7b 09 a9 fd 43 02 91 fb 03 02 aa f6 03 01 aa
0x000000010431fc10:   f5 03 00 aa 00 09 80 52 8d 04 00 94 f3 03 00 aa
0x000000010431fc20:   40 15 00 b4 7f 02 00 f9 fa 03 13 aa 5f 8f 02 f8
0x000000010431fc30:   7f 1a 00 f9 a8 c2 40 39 a8 02 00 34 a8 0e 40 f9
0x000000010431fc40:   c9 06 40 f9 aa 16 40 f9 08 01 09 8b 16 01 0a cb
0x000000010431fc50:   d8 3a 40 79 dc 7a 40 39 d7 7e 40 39 c8 42 40 79
0x000000010431fc60:   e8 1f 00 f9 c8 0e 40 b9 c9 1a 40 b9 68 a6 00 a9
0x000000010431fc70:   e9 17 00 f9 c8 2a 40 39 c9 2e 40 39 28 01 08 2a
0x000000010431fc80:   88 04 00 34 c8 16 40 b9 23 00 00 14 d7 06 40 f9
0x000000010431fc90:   db 0b 00 34 a8 1e 40 f9 88 02 00 b4 a9 22 40 f9
0x000000010431fca0:   ff 02 09 eb 2b 02 00 54 4a fa 83 52 2a 01 0a 8b
0x000000010431fcb0:   ff 02 0a eb ac 01 00 54 2a 09 40 91 08 01 17 8b
0x000000010431fcc0:   16 01 09 cb c8 3a 40 79 c9 3e 40 79 cb 42 40 79
0x000000010431fcd0:   e8 02 08 8b 29 01 0b 8b 08 01 09 8b 08 b9 00 91
0x000000010431fce0:   1f 01 0a eb 6d fb ff 54 e0 03 15 aa e1 03 17 aa
0x000000010431fcf0:   02 00 84 52 ba 03 00 94 f6 03 00 aa 20 09 00 b4
0x000000010431fd00:   a0 1e 40 f9 37 04 00 94 b6 de 03 a9 d1 ff ff 17
0x000000010431fd10:   08 00 80 d2 f4 03 08 aa 68 0e 00 f9 c8 12 40 b9
0x000000010431fd20:   68 22 00 b9 c9 a2 42 b8 a8 5e 40 f9 e8 0b 00 f9
0x000000010431fd30:   e8 03 08 cb e9 13 00 f9 08 01 09 cb 68 1e 00 f9
0x000000010431fd40:   c8 12 40 79 68 42 00 b9 00 07 00 11 40 04 00 94


Stack slot to memory mapping:

stack at sp + 0 slots: 0x0 is null
stack at sp + 1 slots: 0x0 is null
stack at sp + 2 slots: 0x0 is null
stack at sp + 3 slots: 0x0 is null
stack at sp + 4 slots: 0x0 is null
stack at sp + 5 slots: 0x0 is null
stack at sp + 6 slots: 0x0000000032aaaba2 is an unknown value
stack at sp + 7 slots: 0x0 is null


---------------  P R O C E S S  ---------------

Threads class SMR info:
_java_thread_list=0x0000000bb5f16f60, length=11, elements={
0x0000000104a30df0, 0x0000000bc77a0000, 0x0000000bc77a0700, 0x0000000bc77a0e00,
0x0000000bc77a1500, 0x0000000bc77a1c00, 0x0000000104a46910, 0x0000000104a47110,
0x0000000bc77a2300, 0x0000000bc77a2a00, 0x0000000bc77a3100
}
_to_delete_list=0x0000000bb5f16f20, length=10, elements={
0x0000000104a30df0, 0x0000000bc77a0000, 0x0000000bc77a0700, 0x0000000bc77a0e00,
0x0000000bc77a1500, 0x0000000bc77a1c00, 0x0000000104a46910, 0x0000000104a47110,
0x0000000bc77a2300, 0x0000000bc77a2a00
}

Java Threads: ( => current thread )
=>0x0000000104a30df0 JavaThread "main"                              [_thread_in_native, id=5123, stack(0x000000016bcf0000,0x000000016bef3000) (2060K)]
  0x0000000bc77a0000 JavaThread "Reference Handler"          daemon [_thread_blocked, id=30467, stack(0x000000016ce68000,0x000000016d06b000) (2060K)]
  0x0000000bc77a0700 JavaThread "Finalizer"                  daemon [_thread_blocked, id=30211, stack(0x000000016d074000,0x000000016d277000) (2060K)]
  0x0000000bc77a0e00 JavaThread "Signal Dispatcher"          daemon [_thread_blocked, id=25603, stack(0x000000016d280000,0x000000016d483000) (2060K)]
  0x0000000bc77a1500 JavaThread "Service Thread"             daemon [_thread_blocked, id=29699, stack(0x000000016d48c000,0x000000016d68f000) (2060K)]
  0x0000000bc77a1c00 JavaThread "Monitor Deflation Thread"   daemon [_thread_blocked, id=26115, stack(0x000000016d698000,0x000000016d89b000) (2060K)]
  0x0000000104a46910 JavaThread "C1 CompilerThread0"         daemon [_thread_blocked, id=26371, stack(0x000000016d8a4000,0x000000016daa7000) (2060K)]
  0x0000000104a47110 JavaThread "C1 CompilerThread1"         daemon [_thread_blocked, id=26627, stack(0x000000016dab0000,0x000000016dcb3000) (2060K)]
  0x0000000bc77a2300 JavaThread "JDWP Transport Listener: dt_socket" daemon [_thread_blocked, id=26883, stack(0x000000016dcbc000,0x000000016debf000) (2060K)]
  0x0000000bc77a2a00 JavaThread "JDWP Event Helper Thread"   daemon [_thread_blocked, id=28675, stack(0x000000016dec8000,0x000000016e0cb000) (2060K)]
  0x0000000bc77a3100 JavaThread "JDWP Command Reader"        daemon [_thread_in_native, id=28419, stack(0x000000016e0d4000,0x000000016e2d7000) (2060K)]
Total: 11

Other Threads:
  0x0000000bc7795400 VMThread "VM Thread"                           [id=19715, stack(0x000000016cb44000,0x000000016cd47000) (2060K)]
  0x0000000104a3d750 WatcherThread "VM Periodic Task Thread"        [id=16899, stack(0x000000016c938000,0x000000016cb3b000) (2060K)]
  0x0000000104a36d30 WorkerThread "GC Thread#0"                     [id=14851, stack(0x000000016befc000,0x000000016c0ff000) (2060K)]
  0x0000000104a37cb0 ConcurrentGCThread "G1 Main Marker"            [id=14339, stack(0x000000016c108000,0x000000016c30b000) (2060K)]
  0x0000000104a385b0 WorkerThread "G1 Conc#0"                       [id=13315, stack(0x000000016c314000,0x000000016c517000) (2060K)]
  0x0000000104a3adf0 ConcurrentGCThread "G1 Refine#0"               [id=13571, stack(0x000000016c520000,0x000000016c723000) (2060K)]
  0x0000000bc7794000 ConcurrentGCThread "G1 Service"                [id=21507, stack(0x000000016c72c000,0x000000016c92f000) (2060K)]
Total: 7

Threads with active compile tasks:
Total: 0

VM state: not at safepoint (normal execution)

VM Mutex/Monitor currently owned by a thread: None

Heap address: 0x00000005c0000000, size: 9216 MB, Compressed Oops mode: Zero based, Oop shift amount: 3

CDS archive(s) mapped at: [0x000000e800000000-0x000000e800c94000-0x000000e800c94000), size 13189120, SharedBaseAddress: 0x000000e800000000, ArchiveRelocationMode: 1.
Compressed class space mapped at: 0x000000e801000000-0x000000e841000000, reserved size: 1073741824
Narrow klass base: 0x000000e800000000, Narrow klass shift: 0, Narrow klass range: 0x100000000

GC Precious Log:
 CardTable entry size: 512
 Card Set container configuration: InlinePtr #cards 4 size 8 Array Of Cards #cards 64 size 144 Howl #buckets 8 coarsen threshold 14745 Howl Bitmap #cards 2048 size 272 coarsen threshold 1843 Card regions per heap region 1 cards per card region 16384
 CPUs: 11 total, 11 available
 Memory: 36864M
 Large Page Support: Disabled
 NUMA Support: Disabled
 Compressed Oops: Enabled (Zero based)
 Heap Region Size: 8M
 Heap Min Capacity: 8M
 Heap Initial Capacity: 576M
 Heap Max Capacity: 9G
 Pre-touch: Disabled
 Parallel Workers: 9
 Concurrent Workers: 2
 Concurrent Refinement Workers: 9
 Periodic GC: Disabled

Heap:
 garbage-first heap   total 598016K, used 1055K [0x00000005c0000000, 0x0000000800000000)
  region size 8192K, 1 young (8192K), 0 survivors (0K)
 Metaspace       used 207K, committed 448K, reserved 1114112K
  class space    used 10K, committed 128K, reserved 1048576K

Heap Regions: E=young(eden), S=young(survivor), O=old, HS=humongous(starts), HC=humongous(continues), CS=collection set, F=free, TAMS=top-at-mark-start, PB=parsable bottom
|   0|0x00000005c0000000, 0x00000005c0000000, 0x00000005c0800000|  0%| F|  |TAMS 0x00000005c0000000| PB 0x00000005c0000000| Untracked 
|   1|0x00000005c0800000, 0x00000005c0800000, 0x00000005c1000000|  0%| F|  |TAMS 0x00000005c0800000| PB 0x00000005c0800000| Untracked 
|   2|0x00000005c1000000, 0x00000005c1000000, 0x00000005c1800000|  0%| F|  |TAMS 0x00000005c1000000| PB 0x00000005c1000000| Untracked 
|   3|0x00000005c1800000, 0x00000005c1800000, 0x00000005c2000000|  0%| F|  |TAMS 0x00000005c1800000| PB 0x00000005c1800000| Untracked 
|   4|0x00000005c2000000, 0x00000005c2000000, 0x00000005c2800000|  0%| F|  |TAMS 0x00000005c2000000| PB 0x00000005c2000000| Untracked 
|   5|0x00000005c2800000, 0x00000005c2800000, 0x00000005c3000000|  0%| F|  |TAMS 0x00000005c2800000| PB 0x00000005c2800000| Untracked 
|   6|0x00000005c3000000, 0x00000005c3000000, 0x00000005c3800000|  0%| F|  |TAMS 0x00000005c3000000| PB 0x00000005c3000000| Untracked 
|   7|0x00000005c3800000, 0x00000005c3800000, 0x00000005c4000000|  0%| F|  |TAMS 0x00000005c3800000| PB 0x00000005c3800000| Untracked 
|   8|0x00000005c4000000, 0x00000005c4000000, 0x00000005c4800000|  0%| F|  |TAMS 0x00000005c4000000| PB 0x00000005c4000000| Untracked 
|   9|0x00000005c4800000, 0x00000005c4800000, 0x00000005c5000000|  0%| F|  |TAMS 0x00000005c4800000| PB 0x00000005c4800000| Untracked 
|  10|0x00000005c5000000, 0x00000005c5000000, 0x00000005c5800000|  0%| F|  |TAMS 0x00000005c5000000| PB 0x00000005c5000000| Untracked 
|  11|0x00000005c5800000, 0x00000005c5800000, 0x00000005c6000000|  0%| F|  |TAMS 0x00000005c5800000| PB 0x00000005c5800000| Untracked 
|  12|0x00000005c6000000, 0x00000005c6000000, 0x00000005c6800000|  0%| F|  |TAMS 0x00000005c6000000| PB 0x00000005c6000000| Untracked 
|  13|0x00000005c6800000, 0x00000005c6800000, 0x00000005c7000000|  0%| F|  |TAMS 0x00000005c6800000| PB 0x00000005c6800000| Untracked 
|  14|0x00000005c7000000, 0x00000005c7000000, 0x00000005c7800000|  0%| F|  |TAMS 0x00000005c7000000| PB 0x00000005c7000000| Untracked 
|  15|0x00000005c7800000, 0x00000005c7800000, 0x00000005c8000000|  0%| F|  |TAMS 0x00000005c7800000| PB 0x00000005c7800000| Untracked 
|  16|0x00000005c8000000, 0x00000005c8000000, 0x00000005c8800000|  0%| F|  |TAMS 0x00000005c8000000| PB 0x00000005c8000000| Untracked 
|  17|0x00000005c8800000, 0x00000005c8800000, 0x00000005c9000000|  0%| F|  |TAMS 0x00000005c8800000| PB 0x00000005c8800000| Untracked 
|  18|0x00000005c9000000, 0x00000005c9000000, 0x00000005c9800000|  0%| F|  |TAMS 0x00000005c9000000| PB 0x00000005c9000000| Untracked 
|  19|0x00000005c9800000, 0x00000005c9800000, 0x00000005ca000000|  0%| F|  |TAMS 0x00000005c9800000| PB 0x00000005c9800000| Untracked 
|  20|0x00000005ca000000, 0x00000005ca000000, 0x00000005ca800000|  0%| F|  |TAMS 0x00000005ca000000| PB 0x00000005ca000000| Untracked 
|  21|0x00000005ca800000, 0x00000005ca800000, 0x00000005cb000000|  0%| F|  |TAMS 0x00000005ca800000| PB 0x00000005ca800000| Untracked 
|  22|0x00000005cb000000, 0x00000005cb000000, 0x00000005cb800000|  0%| F|  |TAMS 0x00000005cb000000| PB 0x00000005cb000000| Untracked 
|  23|0x00000005cb800000, 0x00000005cb800000, 0x00000005cc000000|  0%| F|  |TAMS 0x00000005cb800000| PB 0x00000005cb800000| Untracked 
|  24|0x00000005cc000000, 0x00000005cc000000, 0x00000005cc800000|  0%| F|  |TAMS 0x00000005cc000000| PB 0x00000005cc000000| Untracked 
|  25|0x00000005cc800000, 0x00000005cc800000, 0x00000005cd000000|  0%| F|  |TAMS 0x00000005cc800000| PB 0x00000005cc800000| Untracked 
|  26|0x00000005cd000000, 0x00000005cd000000, 0x00000005cd800000|  0%| F|  |TAMS 0x00000005cd000000| PB 0x00000005cd000000| Untracked 
|  27|0x00000005cd800000, 0x00000005cd800000, 0x00000005ce000000|  0%| F|  |TAMS 0x00000005cd800000| PB 0x00000005cd800000| Untracked 
|  28|0x00000005ce000000, 0x00000005ce000000, 0x00000005ce800000|  0%| F|  |TAMS 0x00000005ce000000| PB 0x00000005ce000000| Untracked 
|  29|0x00000005ce800000, 0x00000005ce800000, 0x00000005cf000000|  0%| F|  |TAMS 0x00000005ce800000| PB 0x00000005ce800000| Untracked 
|  30|0x00000005cf000000, 0x00000005cf000000, 0x00000005cf800000|  0%| F|  |TAMS 0x00000005cf000000| PB 0x00000005cf000000| Untracked 
|  31|0x00000005cf800000, 0x00000005cf800000, 0x00000005d0000000|  0%| F|  |TAMS 0x00000005cf800000| PB 0x00000005cf800000| Untracked 
|  32|0x00000005d0000000, 0x00000005d0000000, 0x00000005d0800000|  0%| F|  |TAMS 0x00000005d0000000| PB 0x00000005d0000000| Untracked 
|  33|0x00000005d0800000, 0x00000005d0800000, 0x00000005d1000000|  0%| F|  |TAMS 0x00000005d0800000| PB 0x00000005d0800000| Untracked 
|  34|0x00000005d1000000, 0x00000005d1000000, 0x00000005d1800000|  0%| F|  |TAMS 0x00000005d1000000| PB 0x00000005d1000000| Untracked 
|  35|0x00000005d1800000, 0x00000005d1800000, 0x00000005d2000000|  0%| F|  |TAMS 0x00000005d1800000| PB 0x00000005d1800000| Untracked 
|  36|0x00000005d2000000, 0x00000005d2000000, 0x00000005d2800000|  0%| F|  |TAMS 0x00000005d2000000| PB 0x00000005d2000000| Untracked 
|  37|0x00000005d2800000, 0x00000005d2800000, 0x00000005d3000000|  0%| F|  |TAMS 0x00000005d2800000| PB 0x00000005d2800000| Untracked 
|  38|0x00000005d3000000, 0x00000005d3000000, 0x00000005d3800000|  0%| F|  |TAMS 0x00000005d3000000| PB 0x00000005d3000000| Untracked 
|  39|0x00000005d3800000, 0x00000005d3800000, 0x00000005d4000000|  0%| F|  |TAMS 0x00000005d3800000| PB 0x00000005d3800000| Untracked 
|  40|0x00000005d4000000, 0x00000005d4000000, 0x00000005d4800000|  0%| F|  |TAMS 0x00000005d4000000| PB 0x00000005d4000000| Untracked 
|  41|0x00000005d4800000, 0x00000005d4800000, 0x00000005d5000000|  0%| F|  |TAMS 0x00000005d4800000| PB 0x00000005d4800000| Untracked 
|  42|0x00000005d5000000, 0x00000005d5000000, 0x00000005d5800000|  0%| F|  |TAMS 0x00000005d5000000| PB 0x00000005d5000000| Untracked 
|  43|0x00000005d5800000, 0x00000005d5800000, 0x00000005d6000000|  0%| F|  |TAMS 0x00000005d5800000| PB 0x00000005d5800000| Untracked 
|  44|0x00000005d6000000, 0x00000005d6000000, 0x00000005d6800000|  0%| F|  |TAMS 0x00000005d6000000| PB 0x00000005d6000000| Untracked 
|  45|0x00000005d6800000, 0x00000005d6800000, 0x00000005d7000000|  0%| F|  |TAMS 0x00000005d6800000| PB 0x00000005d6800000| Untracked 
|  46|0x00000005d7000000, 0x00000005d7000000, 0x00000005d7800000|  0%| F|  |TAMS 0x00000005d7000000| PB 0x00000005d7000000| Untracked 
|  47|0x00000005d7800000, 0x00000005d7800000, 0x00000005d8000000|  0%| F|  |TAMS 0x00000005d7800000| PB 0x00000005d7800000| Untracked 
|  48|0x00000005d8000000, 0x00000005d8000000, 0x00000005d8800000|  0%| F|  |TAMS 0x00000005d8000000| PB 0x00000005d8000000| Untracked 
|  49|0x00000005d8800000, 0x00000005d8800000, 0x00000005d9000000|  0%| F|  |TAMS 0x00000005d8800000| PB 0x00000005d8800000| Untracked 
|  50|0x00000005d9000000, 0x00000005d9000000, 0x00000005d9800000|  0%| F|  |TAMS 0x00000005d9000000| PB 0x00000005d9000000| Untracked 
|  51|0x00000005d9800000, 0x00000005d9800000, 0x00000005da000000|  0%| F|  |TAMS 0x00000005d9800000| PB 0x00000005d9800000| Untracked 
|  52|0x00000005da000000, 0x00000005da000000, 0x00000005da800000|  0%| F|  |TAMS 0x00000005da000000| PB 0x00000005da000000| Untracked 
|  53|0x00000005da800000, 0x00000005da800000, 0x00000005db000000|  0%| F|  |TAMS 0x00000005da800000| PB 0x00000005da800000| Untracked 
|  54|0x00000005db000000, 0x00000005db000000, 0x00000005db800000|  0%| F|  |TAMS 0x00000005db000000| PB 0x00000005db000000| Untracked 
|  55|0x00000005db800000, 0x00000005db800000, 0x00000005dc000000|  0%| F|  |TAMS 0x00000005db800000| PB 0x00000005db800000| Untracked 
|  56|0x00000005dc000000, 0x00000005dc000000, 0x00000005dc800000|  0%| F|  |TAMS 0x00000005dc000000| PB 0x00000005dc000000| Untracked 
|  57|0x00000005dc800000, 0x00000005dc800000, 0x00000005dd000000|  0%| F|  |TAMS 0x00000005dc800000| PB 0x00000005dc800000| Untracked 
|  58|0x00000005dd000000, 0x00000005dd000000, 0x00000005dd800000|  0%| F|  |TAMS 0x00000005dd000000| PB 0x00000005dd000000| Untracked 
|  59|0x00000005dd800000, 0x00000005dd800000, 0x00000005de000000|  0%| F|  |TAMS 0x00000005dd800000| PB 0x00000005dd800000| Untracked 
|  60|0x00000005de000000, 0x00000005de000000, 0x00000005de800000|  0%| F|  |TAMS 0x00000005de000000| PB 0x00000005de000000| Untracked 
|  61|0x00000005de800000, 0x00000005de800000, 0x00000005df000000|  0%| F|  |TAMS 0x00000005de800000| PB 0x00000005de800000| Untracked 
|  62|0x00000005df000000, 0x00000005df000000, 0x00000005df800000|  0%| F|  |TAMS 0x00000005df000000| PB 0x00000005df000000| Untracked 
|  63|0x00000005df800000, 0x00000005df800000, 0x00000005e0000000|  0%| F|  |TAMS 0x00000005df800000| PB 0x00000005df800000| Untracked 
|  64|0x00000005e0000000, 0x00000005e0000000, 0x00000005e0800000|  0%| F|  |TAMS 0x00000005e0000000| PB 0x00000005e0000000| Untracked 
|  65|0x00000005e0800000, 0x00000005e0800000, 0x00000005e1000000|  0%| F|  |TAMS 0x00000005e0800000| PB 0x00000005e0800000| Untracked 
|  66|0x00000005e1000000, 0x00000005e1000000, 0x00000005e1800000|  0%| F|  |TAMS 0x00000005e1000000| PB 0x00000005e1000000| Untracked 
|  67|0x00000005e1800000, 0x00000005e1800000, 0x00000005e2000000|  0%| F|  |TAMS 0x00000005e1800000| PB 0x00000005e1800000| Untracked 
|  68|0x00000005e2000000, 0x00000005e2000000, 0x00000005e2800000|  0%| F|  |TAMS 0x00000005e2000000| PB 0x00000005e2000000| Untracked 
|  69|0x00000005e2800000, 0x00000005e2800000, 0x00000005e3000000|  0%| F|  |TAMS 0x00000005e2800000| PB 0x00000005e2800000| Untracked 
|  70|0x00000005e3000000, 0x00000005e3000000, 0x00000005e3800000|  0%| F|  |TAMS 0x00000005e3000000| PB 0x00000005e3000000| Untracked 
|  71|0x00000005e3800000, 0x00000005e3ae1548, 0x00000005e4000000| 36%| E|  |TAMS 0x00000005e3800000| PB 0x00000005e3800000| Complete 
|1151|0x00000007ff800000, 0x00000007ff907f28, 0x0000000800000000| 12%| O|  |TAMS 0x00000007ff800000| PB 0x00000007ff800000| Untracked 

Card table byte_map: [0x000000011746c000,0x000000011866c000] _byte_map_base: 0x000000011466c000

Marking Bits: (CMBitMap*) 0x0000000104a37540
 Bits: [0x000000011866c000, 0x000000012166c000)

Polling page: 0x00000001041c4000

Metaspace:

Usage:
  Non-class:    196.47 KB used.
      Class:     10.64 KB used.
       Both:    207.11 KB used.

Virtual space:
  Non-class space:       64.00 MB reserved,     320.00 KB ( <1%) committed,  1 nodes.
      Class space:        1.00 GB reserved,     128.00 KB ( <1%) committed,  1 nodes.
             Both:        1.06 GB reserved,     448.00 KB ( <1%) committed. 

Chunk freelists:
   Non-Class:  12.00 MB
       Class:  15.75 MB
        Both:  27.74 MB

MaxMetaspaceSize: unlimited
CompressedClassSpaceSize: 1.00 GB
Initial GC threshold: 21.00 MB
Current GC threshold: 21.00 MB
CDS: on
 - commit_granule_bytes: 65536.
 - commit_granule_words: 8192.
 - virtual_space_node_default_size: 8388608.
 - enlarge_chunks_in_place: 1.
 - use_allocation_guard: 0.


Internal statistics:

num_allocs_failed_limit: 0.
num_arena_births: 6.
num_arena_deaths: 0.
num_vsnodes_births: 2.
num_vsnodes_deaths: 0.
num_space_committed: 7.
num_space_uncommitted: 0.
num_chunks_returned_to_freelist: 0.
num_chunks_taken_from_freelist: 7.
num_chunk_merges: 0.
num_chunk_splits: 5.
num_chunks_enlarged: 2.
num_inconsistent_stats: 0.

CodeCache: size=49152Kb used=1998Kb max_used=1998Kb free=47153Kb
 bounds [0x000000011326c000, 0x00000001134dc000, 0x000000011626c000]
 total_blobs=547, nmethods=206, adapters=269, full_count=0
Compilation: enabled, stopped_count=0, restarted_count=0

Compilation events (20 events):
Event: 0.585 Thread 0x0000000104a46910  198       1       java.util.HashMap::isEmpty (13 bytes)
Event: 0.585 Thread 0x0000000104a47110  196       1       java.lang.module.ResolvedModule::configuration (5 bytes)
Event: 0.585 Thread 0x0000000104a47110 nmethod 196 0x000000011345cb90 code [0x000000011345cd00, 0x000000011345cda8]
Event: 0.585 Thread 0x0000000104a46910 nmethod 198 0x000000011345ce90 code [0x000000011345d000, 0x000000011345d0e0]
Event: 0.585 Thread 0x0000000104a47110  199       1       java.lang.module.ModuleDescriptor::isOpen (5 bytes)
Event: 0.585 Thread 0x0000000104a47110 nmethod 199 0x000000011345d190 code [0x000000011345d300, 0x000000011345d3a8]
Event: 0.585 Thread 0x0000000104a46910  201       1       java.lang.module.ModuleDescriptor$Provides::service (5 bytes)
Event: 0.585 Thread 0x0000000104a46910 nmethod 201 0x000000011345d490 code [0x000000011345d600, 0x000000011345d6a8]
Event: 0.585 Thread 0x0000000104a47110  202       1       java.lang.System::getSecurityManager (12 bytes)
Event: 0.585 Thread 0x0000000104a46910  203       1       java.lang.System::allowSecurityManager (13 bytes)
Event: 0.585 Thread 0x0000000104a46910 nmethod 203 0x000000011345db10 code [0x000000011345dc80, 0x000000011345dd18]
Event: 0.585 Thread 0x0000000104a47110 nmethod 202 0x000000011345de10 code [0x000000011345df80, 0x000000011345e018]
Event: 0.662 Thread 0x0000000104a47110  204       1       java.net.URL::getFile (5 bytes)
Event: 0.662 Thread 0x0000000104a46910  205       1       java.net.URL::getRef (5 bytes)
Event: 0.662 Thread 0x0000000104a47110 nmethod 204 0x000000011345e490 code [0x000000011345e600, 0x000000011345e6a8]
Event: 0.662 Thread 0x0000000104a47110  206       1       java.net.URL::getProtocol (5 bytes)
Event: 0.662 Thread 0x0000000104a46910 nmethod 205 0x000000011345e790 code [0x000000011345e900, 0x000000011345e9a8]
Event: 0.662 Thread 0x0000000104a47110 nmethod 206 0x000000011345ea90 code [0x000000011345ec00, 0x000000011345eca8]
Event: 0.678 Thread 0x0000000104a46910  207       1       java.lang.invoke.MethodType::parameterCount (6 bytes)
Event: 0.678 Thread 0x0000000104a46910 nmethod 207 0x000000011345f810 code [0x000000011345f980, 0x000000011345fa60]

GC Heap History (0 events):
No events

Dll operation events (3 events):
Event: 0.539 Loaded shared library /opt/homebrew/Cellar/openjdk@21/21.0.11/libexec/openjdk.jdk/Contents/Home/lib/libjava.dylib
Event: 0.539 Loaded shared library /opt/homebrew/Cellar/openjdk@21/21.0.11/libexec/openjdk.jdk/Contents/Home/lib/libzip.dylib
Event: 0.678 Loaded shared library /opt/homebrew/Cellar/openjdk@21/21.0.11/libexec/openjdk.jdk/Contents/Home/lib/libinstrument.dylib

Deoptimization events (2 events):
Event: 0.662 Thread 0x0000000104a30df0 DEOPT PACKING pc=0x000000011338db78 sp=0x000000016bef2440
Event: 0.662 Thread 0x0000000104a30df0 DEOPT UNPACKING pc=0x00000001132aee7c sp=0x000000016bef20f0 mode 3

Classes loaded (17 events):
Event: 0.557 Loading class sun/nio/cs/ISO_8859_1
Event: 0.557 Loading class sun/nio/cs/ISO_8859_1 done
Event: 0.557 Loading class sun/nio/cs/ISO_8859_1$Encoder
Event: 0.558 Loading class sun/nio/cs/ISO_8859_1$Encoder done
Event: 0.580 Loading class jdk/internal/module/ModuleReferenceImpl$CachedHash
Event: 0.580 Loading class jdk/internal/module/ModuleReferenceImpl$CachedHash done
Event: 0.585 Loading class jdk/internal/vm/VMSupport
Event: 0.585 Loading class jdk/internal/vm/VMSupport done
Event: 0.662 Loading class sun/instrument/InstrumentationImpl
Event: 0.662 Loading class java/lang/instrument/Instrumentation
Event: 0.662 Loading class java/lang/instrument/Instrumentation done
Event: 0.662 Loading class sun/instrument/InstrumentationImpl done
Event: 0.678 Loading class sun/instrument/TransformerManager
Event: 0.678 Loading class sun/instrument/TransformerManager done
Event: 0.678 Loading class sun/instrument/TransformerManager$TransformerInfo
Event: 0.678 Loading class sun/instrument/TransformerManager$TransformerInfo done
Event: 0.678 Loading class com/intellij/rt/debugger/agent/DebuggerAgent

Classes unloaded (0 events):
No events

Classes redefined (0 events):
No events

Internal exceptions (0 events):
No events

ZGC Phase Switch (0 events):
No events

VM Operations (6 events):
Event: 0.579 Executing non-safepoint VM operation: HandshakeAllThreads (Deoptimize)
Event: 0.579 Executing non-safepoint VM operation: HandshakeAllThreads (Deoptimize) done
Event: 0.676 Executing safepoint VM operation: ChangeBreakpoints
Event: 0.676 Executing safepoint VM operation: ChangeBreakpoints done
Event: 0.677 Executing safepoint VM operation: ChangeBreakpoints
Event: 0.677 Executing safepoint VM operation: ChangeBreakpoints done

Memory protections (11 events):
Event: 0.539 Protecting memory [0x000000016bcf0000,0x000000016bcfc000] with protection modes 0
Event: 0.558 Protecting memory [0x000000016ce68000,0x000000016ce74000] with protection modes 0
Event: 0.558 Protecting memory [0x000000016d074000,0x000000016d080000] with protection modes 0
Event: 0.558 Protecting memory [0x000000016d280000,0x000000016d28c000] with protection modes 0
Event: 0.558 Protecting memory [0x000000016d48c000,0x000000016d498000] with protection modes 0
Event: 0.559 Protecting memory [0x000000016d698000,0x000000016d6a4000] with protection modes 0
Event: 0.559 Protecting memory [0x000000016d8a4000,0x000000016d8b0000] with protection modes 0
Event: 0.570 Protecting memory [0x000000016dab0000,0x000000016dabc000] with protection modes 0
Event: 0.588 Protecting memory [0x000000016dcbc000,0x000000016dcc8000] with protection modes 0
Event: 0.588 Protecting memory [0x000000016dec8000,0x000000016ded4000] with protection modes 0
Event: 0.588 Protecting memory [0x000000016e0d4000,0x000000016e0e0000] with protection modes 0

Nmethod flushes (0 events):
No events

Events (11 events):
Event: 0.545 Thread 0x0000000104a30df0 Thread added: 0x0000000104a30df0
Event: 0.558 Thread 0x0000000104a30df0 Thread added: 0x0000000bc77a0000
Event: 0.558 Thread 0x0000000104a30df0 Thread added: 0x0000000bc77a0700
Event: 0.558 Thread 0x0000000104a30df0 Thread added: 0x0000000bc77a0e00
Event: 0.558 Thread 0x0000000104a30df0 Thread added: 0x0000000bc77a1500
Event: 0.559 Thread 0x0000000104a30df0 Thread added: 0x0000000bc77a1c00
Event: 0.559 Thread 0x0000000104a30df0 Thread added: 0x0000000104a46910
Event: 0.569 Thread 0x0000000104a46910 Thread added: 0x0000000104a47110
Event: 0.588 Thread 0x0000000104a30df0 Thread added: 0x0000000bc77a2300
Event: 0.588 Thread 0x0000000104a30df0 Thread added: 0x0000000bc77a2a00
Event: 0.588 Thread 0x0000000bc77a2300 Thread added: 0x0000000bc77a3100


Dynamic libraries:
0x00000001041d4000 	/opt/homebrew/Cellar/openjdk@21/21.0.11/libexec/openjdk.jdk/Contents/Home/lib/libjli.dylib
0x0000000197a0a000 	/usr/lib/libz.1.dylib
0x0000000197ac0000 	/usr/lib/libSystem.B.dylib
0x0000000197aba000 	/usr/lib/system/libcache.dylib
0x0000000197a75000 	/usr/lib/system/libcommonCrypto.dylib
0x0000000197aa0000 	/usr/lib/system/libcompiler_rt.dylib
0x0000000197a95000 	/usr/lib/system/libcopyfile.dylib
0x00000001879b5000 	/usr/lib/system/libcorecrypto.dylib
0x0000000187ab5000 	/usr/lib/system/libdispatch.dylib
0x000000018785f000 	/usr/lib/system/libdyld.dylib
0x0000000197ab0000 	/usr/lib/system/libkeymgr.dylib
0x0000000197a58000 	/usr/lib/system/libmacho.dylib
0x0000000196cef000 	/usr/lib/system/libquarantine.dylib
0x0000000197aad000 	/usr/lib/system/libremovefile.dylib
0x000000018e41d000 	/usr/lib/system/libsystem_asl.dylib
0x000000018793b000 	/usr/lib/system/libsystem_blocks.dylib
0x0000000187b00000 	/usr/lib/system/libsystem_c.dylib
0x0000000197aa4000 	/usr/lib/system/libsystem_collections.dylib
0x0000000195690000 	/usr/lib/system/libsystem_configuration.dylib
0x000000019427f000 	/usr/lib/system/libsystem_containermanager.dylib
0x000000019748e000 	/usr/lib/system/libsystem_coreservices.dylib
0x000000018bc48000 	/usr/lib/system/libsystem_darwin.dylib
0x000000028c914000 	/usr/lib/system/libsystem_darwindirectory.dylib
0x0000000197ab1000 	/usr/lib/system/libsystem_dnssd.dylib
0x000000028c918000 	/usr/lib/system/libsystem_eligibility.dylib
0x0000000187afd000 	/usr/lib/system/libsystem_featureflags.dylib
0x0000000187c81000 	/usr/lib/system/libsystem_info.dylib
0x0000000197a19000 	/usr/lib/system/libsystem_m.dylib
0x0000000187a64000 	/usr/lib/system/libsystem_malloc.dylib
0x000000018e380000 	/usr/lib/system/libsystem_networkextension.dylib
0x000000018c0b3000 	/usr/lib/system/libsystem_notify.dylib
0x0000000195695000 	/usr/lib/system/libsystem_sandbox.dylib
0x000000028c922000 	/usr/lib/system/libsystem_sanitizers.dylib
0x0000000197aa9000 	/usr/lib/system/libsystem_secinit.dylib
0x0000000187c2d000 	/usr/lib/system/libsystem_kernel.dylib
0x0000000187c78000 	/usr/lib/system/libsystem_platform.dylib
0x0000000187c6b000 	/usr/lib/system/libsystem_pthread.dylib
0x000000018ffdb000 	/usr/lib/system/libsystem_symptoms.dylib
0x0000000187994000 	/usr/lib/system/libsystem_trace.dylib
0x000000028c92a000 	/usr/lib/system/libsystem_trial.dylib
0x0000000197a83000 	/usr/lib/system/libunwind.dylib
0x000000018793f000 	/usr/lib/system/libxpc.dylib
0x000000018780c000 	/usr/lib/libobjc.A.dylib
0x0000000187cb1000 	/System/Library/Frameworks/CoreFoundation.framework/Versions/A/CoreFoundation
0x000000019b330000 	/usr/lib/swift/libswiftCore.dylib
0x0000000187c12000 	/usr/lib/libc++abi.dylib
0x000000028acf7000 	/usr/lib/libRosetta.dylib
0x0000000187b81000 	/usr/lib/libc++.1.dylib
0x000000018951e000 	/System/Library/Frameworks/Foundation.framework/Versions/C/Foundation
0x00000001a4ed1000 	/usr/lib/swift/libswiftObjectiveC.dylib
0x000000028c17d000 	/usr/lib/libswiftPrespecialized.dylib
0x000000018918d000 	/System/Library/Frameworks/SystemConfiguration.framework/Versions/A/SystemConfiguration
0x00000001924fd000 	/System/Library/PrivateFrameworks/CoreAutoLayout.framework/Versions/A/CoreAutoLayout
0x0000000197ac2000 	/usr/lib/libfakelink.dylib
0x0000000197ce8000 	/usr/lib/libcompression.dylib
0x000000018dfca000 	/System/Library/Frameworks/CFNetwork.framework/Versions/A/CFNetwork
0x000000019192d000 	/System/Library/Frameworks/DiskArbitration.framework/Versions/A/DiskArbitration
0x0000000197b15000 	/usr/lib/libarchive.2.dylib
0x0000000191832000 	/usr/lib/libDiagnosticMessagesClient.dylib
0x000000018b972000 	/usr/lib/libicucore.A.dylib
0x0000000192546000 	/usr/lib/libxml2.2.dylib
0x00000001a018d000 	/System/Library/Frameworks/CoreServices.framework/Versions/A/CoreServices
0x00000001956a3000 	/usr/lib/liblangid.dylib
0x000000018bfca000 	/System/Library/Frameworks/IOKit.framework/Versions/A/IOKit
0x000000019de27000 	/System/Library/Frameworks/Combine.framework/Versions/A/Combine
0x00000002404fb000 	/System/Library/PrivateFrameworks/CollectionsInternal.framework/Versions/A/CollectionsInternal
0x000000026c3fa000 	/System/Library/PrivateFrameworks/ReflectionInternal.framework/Versions/A/ReflectionInternal
0x000000026d34d000 	/System/Library/PrivateFrameworks/RuntimeInternal.framework/Versions/A/RuntimeInternal
0x0000000197ac4000 	/System/Library/PrivateFrameworks/SoftLinking.framework/Versions/A/SoftLinking
0x00000001b4f7e000 	/usr/lib/swift/libswiftCoreFoundation.dylib
0x00000001b1e16000 	/usr/lib/swift/libswiftDarwin.dylib
0x00000001a1ef9000 	/usr/lib/swift/libswiftDispatch.dylib
0x00000001b4fdf000 	/usr/lib/swift/libswiftIOKit.dylib
0x000000028c5c0000 	/usr/lib/swift/libswiftSystem.dylib
0x00000001b4f91000 	/usr/lib/swift/libswiftXPC.dylib
0x000000028c5f2000 	/usr/lib/swift/libswift_Builtin_float.dylib
0x000000028c5f3000 	/usr/lib/swift/libswift_Concurrency.dylib
0x000000028c67f000 	/usr/lib/swift/libswift_DarwinFoundation1.dylib
0x000000028c723000 	/usr/lib/swift/libswift_StringProcessing.dylib
0x00000001a4ed5000 	/usr/lib/swift/libswiftos.dylib
0x000000018bf4a000 	/System/Library/PrivateFrameworks/CoreServicesInternal.framework/Versions/A/CoreServicesInternal
0x0000000197a8d000 	/usr/lib/liboah.dylib
0x000000018b553000 	/System/Library/Frameworks/Security.framework/Versions/A/Security
0x00000001a4305000 	/System/Library/PrivateFrameworks/DiskImages.framework/Versions/A/DiskImages
0x00000001b18bb000 	/System/Library/Frameworks/NetFS.framework/Versions/A/NetFS
0x00000001924c2000 	/System/Library/Frameworks/CoreServices.framework/Versions/A/Frameworks/FSEvents.framework/Versions/A/FSEvents
0x000000018bc52000 	/System/Library/Frameworks/CoreServices.framework/Versions/A/Frameworks/CarbonCore.framework/Versions/A/CarbonCore
0x00000001918a1000 	/System/Library/Frameworks/CoreServices.framework/Versions/A/Frameworks/Metadata.framework/Versions/A/Metadata
0x0000000197495000 	/System/Library/Frameworks/CoreServices.framework/Versions/A/Frameworks/OSServices.framework/Versions/A/OSServices
0x0000000197c0d000 	/System/Library/Frameworks/CoreServices.framework/Versions/A/Frameworks/SearchKit.framework/Versions/A/SearchKit
0x000000018ff55000 	/System/Library/Frameworks/CoreServices.framework/Versions/A/Frameworks/AE.framework/Versions/A/AE
0x0000000188210000 	/System/Library/Frameworks/CoreServices.framework/Versions/A/Frameworks/LaunchServices.framework/Versions/A/LaunchServices
0x0000000198f93000 	/System/Library/Frameworks/CoreServices.framework/Versions/A/Frameworks/DictionaryServices.framework/Versions/A/DictionaryServices
0x00000001924cf000 	/System/Library/Frameworks/CoreServices.framework/Versions/A/Frameworks/SharedFileList.framework/Versions/A/SharedFileList
0x0000000197ca0000 	/usr/lib/libapple_nghttp2.dylib
0x000000018fb6c000 	/usr/lib/libsqlite3.dylib
0x000000018fd55000 	/System/Library/Frameworks/Accounts.framework/Versions/A/Accounts
0x00000001a4547000 	/System/Library/PrivateFrameworks/AppSupport.framework/Versions/A/AppSupport
0x00000001b3d42000 	/System/Library/Frameworks/AVFoundation.framework/Versions/A/AVFoundation
0x0000000191802000 	/System/Library/PrivateFrameworks/CoreAnalytics.framework/Versions/A/CoreAnalytics
0x000000018ea10000 	/System/Library/Frameworks/CoreGraphics.framework/Versions/A/CoreGraphics
0x000000019c062000 	/System/Library/Frameworks/GSS.framework/Versions/A/GSS
0x000000019a454000 	/System/Library/PrivateFrameworks/InternationalSupport.framework/Versions/A/InternationalSupport
0x000000018fee9000 	/System/Library/PrivateFrameworks/RunningBoardServices.framework/Versions/A/RunningBoardServices
0x00000001a4e59000 	/System/Library/PrivateFrameworks/StreamingZip.framework/Versions/A/StreamingZip
0x000000018e39b000 	/usr/lib/libenergytrace.dylib
0x000000018ffe4000 	/System/Library/Frameworks/Network.framework/Versions/A/Network
0x0000000196d17000 	/usr/lib/libbsm.0.dylib
0x0000000197a5c000 	/usr/lib/system/libkxld.dylib
0x000000023badb000 	/System/Library/PrivateFrameworks/AppleKeyStore.framework/Versions/A/AppleKeyStore
0x000000028a9f9000 	/usr/lib/libCoreEntitlements.dylib
0x0000000260add000 	/System/Library/PrivateFrameworks/MessageSecurity.framework/Versions/A/MessageSecurity
0x000000018fb50000 	/System/Library/PrivateFrameworks/ProtocolBuffer.framework/Versions/A/ProtocolBuffer
0x00000001a1308000 	/System/Library/PrivateFrameworks/SymptomDiagnosticReporter.framework/Versions/A/SymptomDiagnosticReporter
0x00000001991d8000 	/System/Library/PrivateFrameworks/CrashReporterSupport.framework/Versions/A/CrashReporterSupport
0x000000018e39d000 	/usr/lib/libMobileGestalt.dylib
0x0000000197475000 	/System/Library/PrivateFrameworks/AppleFSCompression.framework/Versions/A/AppleFSCompression
0x0000000196cff000 	/usr/lib/libcoretls.dylib
0x0000000199009000 	/usr/lib/libcoretls_cfhelpers.dylib
0x0000000197ce2000 	/usr/lib/libpam.2.dylib
0x000000019907f000 	/usr/lib/libxar.1.dylib
0x000000019900b000 	/System/Library/PrivateFrameworks/APFS.framework/Versions/A/APFS
0x0000000278a7a000 	/System/Library/PrivateFrameworks/SwiftASN1Internal.framework/Versions/A/SwiftASN1Internal
0x000000019908e000 	/usr/lib/libutil.dylib
0x000000019569e000 	/System/Library/PrivateFrameworks/AppleSystemInfo.framework/Versions/A/AppleSystemInfo
0x00000001969c6000 	/System/Library/PrivateFrameworks/IOMobileFramebuffer.framework/Versions/A/IOMobileFramebuffer
0x00000001942b8000 	/System/Library/Frameworks/IOSurface.framework/Versions/A/IOSurface
0x00000001a3c65000 	/System/Library/PrivateFrameworks/CoreWiFi.framework/Versions/A/CoreWiFi
0x00000001b4e40000 	/System/Library/PrivateFrameworks/LoggingSupport.framework/Versions/A/LoggingSupport
0x000000019c0c5000 	/System/Library/PrivateFrameworks/MobileAsset.framework/Versions/A/MobileAsset
0x00000001a1318000 	/System/Library/PrivateFrameworks/PowerLog.framework/Versions/A/PowerLog
0x00000001a27da000 	/System/Library/PrivateFrameworks/Rapport.framework/Versions/A/Rapport
0x00000002346fe000 	/System/Library/Frameworks/SwiftData.framework/Versions/A/SwiftData
0x000000018d9ff000 	/System/Library/Frameworks/UniformTypeIdentifiers.framework/Versions/A/UniformTypeIdentifiers
0x00000001926ef000 	/System/Library/PrivateFrameworks/UserManagement.framework/Versions/A/UserManagement
0x000000018def1000 	/usr/lib/libboringssl.dylib
0x000000018ffc9000 	/usr/lib/libdns_services.dylib
0x00000001b3e76000 	/usr/lib/libquic.dylib
0x000000019b2c1000 	/usr/lib/libusrtcp.dylib
0x000000023c994000 	/System/Library/PrivateFrameworks/AtomicsInternal.framework/Versions/A/AtomicsInternal
0x00000001db107000 	/System/Library/PrivateFrameworks/InternalSwiftProtobuf.framework/Versions/A/InternalSwiftProtobuf
0x000000028c447000 	/usr/lib/swift/libswiftDistributed.dylib
0x000000028c470000 	/usr/lib/swift/libswiftObservation.dylib
0x000000028c5ac000 	/usr/lib/swift/libswiftSynchronization.dylib
0x000000019569c000 	/System/Library/PrivateFrameworks/AggregateDictionary.framework/Versions/A/AggregateDictionary
0x000000023d1c2000 	/System/Library/PrivateFrameworks/BiomeLibrary.framework/Versions/A/BiomeLibrary
0x00000001c3f8a000 	/System/Library/PrivateFrameworks/BiomeStreams.framework/Versions/A/BiomeStreams
0x00000001bfff0000 	/System/Library/PrivateFrameworks/BiomeFoundation.framework/Versions/A/BiomeFoundation
0x00000001ca20c000 	/System/Library/PrivateFrameworks/BiomePubSub.framework/Versions/A/BiomePubSub
0x000000018f762000 	/System/Library/Frameworks/CoreData.framework/Versions/A/CoreData
0x00000001a5e3c000 	/System/Library/PrivateFrameworks/ProactiveSupport.framework/Versions/A/ProactiveSupport
0x0000000236759000 	/System/Library/Frameworks/_LocationEssentials.framework/Versions/A/_LocationEssentials
0x0000000198fea000 	/usr/lib/liblzma.5.dylib
0x00000001a040c000 	/System/Library/Frameworks/Accelerate.framework/Versions/A/Accelerate
0x0000000196bf8000 	/System/Library/PrivateFrameworks/MobileKeyBag.framework/Versions/A/MobileKeyBag
0x00000001a485b000 	/System/Library/PrivateFrameworks/InternationalTextSearch.framework/Versions/A/InternationalTextSearch
0x00000001bc4cc000 	/System/Library/PrivateFrameworks/SoftwareUpdateCoreSupport.framework/Versions/A/SoftwareUpdateCoreSupport
0x00000001c4a28000 	/System/Library/PrivateFrameworks/SoftwareUpdateCoreConnect.framework/Versions/A/SoftwareUpdateCoreConnect
0x00000001a43ff000 	/System/Library/PrivateFrameworks/RemoteServiceDiscovery.framework/Versions/A/RemoteServiceDiscovery
0x00000001bc0a4000 	/System/Library/PrivateFrameworks/MSUDataAccessor.framework/Versions/A/MSUDataAccessor
0x00000001b700c000 	/usr/lib/libbootpolicy.dylib
0x00000001a4416000 	/System/Library/PrivateFrameworks/RemoteXPC.framework/Versions/A/RemoteXPC
0x00000001c3e5e000 	/usr/lib/libFDR.dylib
0x00000001c9e0e000 	/usr/lib/libamsupport.dylib
0x000000028acef000 	/usr/lib/libReverseProxyDevice.dylib
0x000000023b34b000 	/System/Library/PrivateFrameworks/AppleDeviceQuerySupport.framework/Versions/A/AppleDeviceQuerySupport
0x00000001ccfd0000 	/usr/lib/libpartition2_dynamic.dylib
0x0000000197c7c000 	/System/Library/PrivateFrameworks/AppleSauce.framework/Versions/A/AppleSauce
0x000000028a8a4000 	/usr/lib/libAppleArchive.dylib
0x0000000197481000 	/usr/lib/libbz2.1.0.dylib
0x0000000191937000 	/System/Library/Frameworks/Accelerate.framework/Versions/A/Frameworks/vImage.framework/Versions/A/vImage
0x00000001a0168000 	/System/Library/Frameworks/Accelerate.framework/Versions/A/Frameworks/vecLib.framework/Versions/A/vecLib
0x00000001990c5000 	/System/Library/Frameworks/Accelerate.framework/Versions/A/Frameworks/vecLib.framework/Versions/A/libvMisc.dylib
0x0000000188714000 	/System/Library/Frameworks/Accelerate.framework/Versions/A/Frameworks/vecLib.framework/Versions/A/libBLAS.dylib
0x00000001a485a000 	/System/Library/Frameworks/ApplicationServices.framework/Versions/A/ApplicationServices
0x000000019262d000 	/System/Library/Frameworks/CoreVideo.framework/Versions/A/CoreVideo
0x000000018f166000 	/System/Library/Frameworks/ColorSync.framework/Versions/A/ColorSync
0x000000018ab94000 	/System/Library/Frameworks/CoreText.framework/Versions/A/CoreText
0x0000000194dab000 	/System/Library/Frameworks/ImageIO.framework/Versions/A/ImageIO
0x000000019bc79000 	/System/Library/Frameworks/ApplicationServices.framework/Versions/A/Frameworks/ATS.framework/Versions/A/ATS
0x000000018f30e000 	/System/Library/Frameworks/ApplicationServices.framework/Versions/A/Frameworks/HIServices.framework/Versions/A/HIServices
0x000000019a34a000 	/System/Library/Frameworks/ApplicationServices.framework/Versions/A/Frameworks/PrintCore.framework/Versions/A/PrintCore
0x000000019c02b000 	/System/Library/Frameworks/ApplicationServices.framework/Versions/A/Frameworks/QD.framework/Versions/A/QD
0x000000019c026000 	/System/Library/Frameworks/ApplicationServices.framework/Versions/A/Frameworks/ColorSyncLegacy.framework/Versions/A/ColorSyncLegacy
0x000000019bc4b000 	/System/Library/Frameworks/ApplicationServices.framework/Versions/A/Frameworks/SpeechSynthesis.framework/Versions/A/SpeechSynthesis
0x000000018e459000 	/System/Library/PrivateFrameworks/SkyLight.framework/Versions/A/SkyLight
0x0000000194786000 	/System/Library/PrivateFrameworks/FontServices.framework/libFontParser.dylib
0x000000018fdf7000 	/System/Library/PrivateFrameworks/BaseBoard.framework/Versions/A/BaseBoard
0x00000001a225a000 	/System/Library/PrivateFrameworks/BoardServices.framework/Versions/A/BoardServices
0x00000001a4127000 	/System/Library/PrivateFrameworks/BackBoardServices.framework/Versions/A/BackBoardServices
0x000000023d0c7000 	/System/Library/PrivateFrameworks/BackBoardHIDEventFoundation.framework/Versions/A/BackBoardHIDEventFoundation
0x000000018a6b0000 	/System/Library/Frameworks/CoreDisplay.framework/Versions/A/CoreDisplay
0x0000000199ca3000 	/System/Library/Frameworks/VideoToolbox.framework/Versions/A/VideoToolbox
0x0000000197ce0000 	/System/Library/Frameworks/MetalPerformanceShaders.framework/Versions/A/MetalPerformanceShaders
0x000000026b304000 	/System/Library/PrivateFrameworks/ProDisplayLibrary.framework/Versions/A/ProDisplayLibrary
0x00000001a7f58000 	/System/Library/PrivateFrameworks/IOSurfaceAccelerator.framework/Versions/A/IOSurfaceAccelerator
0x00000001942e0000 	/System/Library/Frameworks/Metal.framework/Versions/A/Metal
0x00000001942d5000 	/System/Library/PrivateFrameworks/IOAccelerator.framework/Versions/A/IOAccelerator
0x00000001945e4000 	/System/Library/Frameworks/CoreMedia.framework/Versions/A/CoreMedia
0x000000018e435000 	/System/Library/PrivateFrameworks/TCC.framework/Versions/A/TCC
0x0000000199c5b000 	/System/Library/PrivateFrameworks/WatchdogClient.framework/Versions/A/WatchdogClient
0x0000000191d5c000 	/System/Library/Frameworks/QuartzCore.framework/Versions/A/QuartzCore
0x0000000199c5d000 	/System/Library/PrivateFrameworks/MultitouchSupport.framework/Versions/A/MultitouchSupport
0x00000001ccdb6000 	/usr/lib/swift/libswiftAccelerate.dylib
0x00000001b4f5e000 	/usr/lib/swift/libswiftCoreAudio.dylib
0x00000001d0f31000 	/usr/lib/swift/libswiftCoreMedia.dylib
0x00000001c2f1f000 	/usr/lib/swift/libswiftMetal.dylib
0x00000001d26e4000 	/usr/lib/swift/libswiftOSLog.dylib
0x00000001c8313000 	/usr/lib/swift/libswiftQuartzCore.dylib
0x00000001ccda6000 	/usr/lib/swift/libswiftUniformTypeIdentifiers.dylib
0x000000028c5da000 	/usr/lib/swift/libswiftVideoToolbox.dylib
0x00000001b8ad0000 	/usr/lib/swift/libswiftsimd.dylib
0x00000001ca26d000 	/System/Library/PrivateFrameworks/BiomeStorage.framework/Versions/A/BiomeStorage
0x0000000259821000 	/System/Library/PrivateFrameworks/IntelligencePlatformLibrary.framework/Versions/A/IntelligencePlatformLibrary
0x000000026a0c8000 	/System/Library/PrivateFrameworks/PoirotSchematizer.framework/Versions/A/PoirotSchematizer
0x000000023da75000 	/System/Library/PrivateFrameworks/BiomeSync.framework/Versions/A/BiomeSync
0x000000023d1a8000 	/System/Library/PrivateFrameworks/BiomeDSL.framework/Versions/A/BiomeDSL
0x00000001e32d0000 	/System/Library/PrivateFrameworks/FeatureFlags.framework/Versions/A/FeatureFlags
0x000000026a136000 	/System/Library/PrivateFrameworks/PoirotUDFs.framework/Versions/A/PoirotUDFs
0x000000028c682000 	/usr/lib/swift/libswift_DarwinFoundation2.dylib
0x000000028c683000 	/usr/lib/swift/libswift_DarwinFoundation3.dylib
0x00000001a27cf000 	/System/Library/PrivateFrameworks/CoreTime.framework/Versions/A/CoreTime
0x0000000197afa000 	/usr/lib/libiconv.2.dylib
0x0000000197a57000 	/usr/lib/libcharset.1.dylib
0x000000026a08b000 	/System/Library/PrivateFrameworks/PoirotSQLite.framework/Versions/A/PoirotSQLite
0x000000028c684000 	/usr/lib/swift/libswift_RegexParser.dylib
0x000000023f0ab000 	/System/Library/PrivateFrameworks/CascadeSets.framework/Versions/A/CascadeSets
0x000000019c23c000 	/System/Library/PrivateFrameworks/CorePhoneNumbers.framework/Versions/A/CorePhoneNumbers
0x0000000199a55000 	/System/Library/PrivateFrameworks/AppleJPEG.framework/Versions/A/AppleJPEG
0x000000019942f000 	/usr/lib/libexpat.1.dylib
0x000000019a220000 	/System/Library/Frameworks/ImageIO.framework/Versions/A/Resources/libPng.dylib
0x000000019a24b000 	/System/Library/Frameworks/ImageIO.framework/Versions/A/Resources/libTIFF.dylib
0x000000019a333000 	/System/Library/Frameworks/ImageIO.framework/Versions/A/Resources/libGIF.dylib
0x0000000199a9a000 	/System/Library/Frameworks/ImageIO.framework/Versions/A/Resources/libJP2.dylib
0x000000019913f000 	/usr/lib/libate.dylib
0x000000019a2da000 	/System/Library/Frameworks/ImageIO.framework/Versions/A/Resources/libJPEG.dylib
0x000000019a2d1000 	/System/Library/Frameworks/ImageIO.framework/Versions/A/Resources/libRadiance.dylib
0x000000024f4d8000 	/System/Library/PrivateFrameworks/GPUCompiler.framework/Versions/32023/Libraries/libllvm-flatbuffers.dylib
0x0000000249f37000 	/System/Library/PrivateFrameworks/FramePacing.framework/Versions/A/FramePacing
0x000000022d14a000 	/System/Library/Frameworks/OpenGL.framework/Versions/A/Libraries/libCoreFSCache.dylib
0x000000024b065000 	/System/Library/PrivateFrameworks/GPUCompiler.framework/Versions/32023/Libraries/libGPUCompilerUtils.dylib
0x00000001a2327000 	/System/Library/PrivateFrameworks/GraphicsServices.framework/Versions/A/GraphicsServices
0x000000022d158000 	/System/Library/Frameworks/OpenGL.framework/Versions/A/OpenGL
0x000000022d1a9000 	/System/Library/Frameworks/OpenGL.framework/Versions/A/Libraries/libGLU.dylib
0x000000022d16c000 	/System/Library/Frameworks/OpenGL.framework/Versions/A/Libraries/libGFXShared.dylib
0x000000022d339000 	/System/Library/Frameworks/OpenGL.framework/Versions/A/Libraries/libGL.dylib
0x000000022d175000 	/System/Library/Frameworks/OpenGL.framework/Versions/A/Libraries/libGLImage.dylib
0x000000022d169000 	/System/Library/Frameworks/OpenGL.framework/Versions/A/Libraries/libCVMSPluginSupport.dylib
0x000000022d152000 	/System/Library/Frameworks/OpenGL.framework/Versions/A/Libraries/libCoreVMClient.dylib
0x000000019a2cc000 	/System/Library/PrivateFrameworks/GPUWrangler.framework/Versions/A/GPUWrangler
0x000000019a2ac000 	/System/Library/PrivateFrameworks/IOPresentment.framework/Versions/A/IOPresentment
0x000000019a2d4000 	/System/Library/PrivateFrameworks/DSExternalDisplay.framework/Versions/A/DSExternalDisplay
0x000000028063d000 	/System/Library/PrivateFrameworks/VideoToolboxParavirtualizationSupport.framework/Versions/A/VideoToolboxParavirtualizationSupport
0x00000001993e6000 	/System/Library/PrivateFrameworks/AppleVA.framework/Versions/A/AppleVA
0x000000022f1d4000 	/System/Library/Frameworks/ExtensionFoundation.framework/Versions/A/ExtensionFoundation
0x000000019a339000 	/System/Library/PrivateFrameworks/CMCaptureCore.framework/Versions/A/CMCaptureCore
0x00000001996bf000 	/usr/lib/libspindump.dylib
0x000000018adbd000 	/System/Library/Frameworks/CoreAudio.framework/Versions/A/CoreAudio
0x00000001996b2000 	/System/Library/PrivateFrameworks/AppServerSupport.framework/Versions/A/AppServerSupport
0x000000019c034000 	/System/Library/PrivateFrameworks/perfdata.framework/Versions/A/perfdata
0x000000018a7d1000 	/System/Library/PrivateFrameworks/AudioToolboxCore.framework/Versions/A/AudioToolboxCore
0x00000001945ba000 	/System/Library/PrivateFrameworks/caulk.framework/Versions/A/caulk
0x000000019bc31000 	/usr/lib/libAudioStatistics.dylib
0x00000001b3f6b000 	/System/Library/PrivateFrameworks/SystemPolicy.framework/Versions/A/SystemPolicy
0x000000019bed9000 	/usr/lib/libSMC.dylib
0x00000001bb8b8000 	/usr/lib/swift/libswiftCoreMIDI.dylib
0x00000001a724a000 	/System/Library/Frameworks/CoreMIDI.framework/Versions/A/CoreMIDI
0x000000019a1fa000 	/usr/lib/libAudioToolboxUtility.dylib
0x000000019c042000 	/usr/lib/libperfcheck.dylib
0x000000023ca63000 	/System/Library/PrivateFrameworks/AudioAnalytics.framework/Versions/A/AudioAnalytics
0x00000001dadf5000 	/System/Library/Frameworks/OSLog.framework/Versions/A/OSLog
0x0000000265b3e000 	/System/Library/PrivateFrameworks/OSEligibility.framework/Versions/A/OSEligibility
0x00000001994b5000 	/System/Library/PrivateFrameworks/IconServices.framework/Versions/A/IconServices
0x00000002305b8000 	/System/Library/Frameworks/LightweightCodeRequirements.framework/Versions/A/LightweightCodeRequirements
0x000000019932f000 	/System/Library/PrivateFrameworks/PlugInKit.framework/Versions/A/PlugInKit
0x0000000196c10000 	/System/Library/PrivateFrameworks/AssertionServices.framework/Versions/A/AssertionServices
0x0000000199454000 	/System/Library/PrivateFrameworks/IconFoundation.framework/Versions/A/IconFoundation
0x00000002563af000 	/System/Library/PrivateFrameworks/IconRendering.framework/Versions/A/IconRendering
0x00000001921c4000 	/System/Library/PrivateFrameworks/CoreUI.framework/Versions/A/CoreUI
0x00000001950eb000 	/System/Library/Frameworks/CoreImage.framework/Versions/A/CoreImage
0x000000026d519000 	/System/Library/PrivateFrameworks/SFSymbols.framework/Versions/A/SFSymbols
0x000000022f08a000 	/System/Library/Frameworks/DeveloperToolsSupport.framework/Versions/A/DeveloperToolsSupport
0x00000001ac0cd000 	/System/Library/PrivateFrameworks/RenderBox.framework/Versions/A/RenderBox
0x0000000194d6d000 	/System/Library/PrivateFrameworks/CoreSVG.framework/Versions/A/CoreSVG
0x000000019a3bd000 	/System/Library/PrivateFrameworks/TextureIO.framework/Versions/A/TextureIO
0x00000001b4fde000 	/usr/lib/swift/libswiftCoreImage.dylib
0x0000000199662000 	/System/Library/PrivateFrameworks/GraphVisualizer.framework/Versions/A/GraphVisualizer
0x0000000249e42000 	/System/Library/PrivateFrameworks/FontServices.framework/Versions/A/FontServices
0x0000000199672000 	/System/Library/PrivateFrameworks/OTSVG.framework/Versions/A/OTSVG
0x0000000192172000 	/System/Library/Frameworks/ApplicationServices.framework/Versions/A/Frameworks/ATS.framework/Versions/A/Resources/libFontRegistry.dylib
0x000000028b7b7000 	/usr/lib/libhvf.dylib
0x00000002667ca000 	/System/Library/PrivateFrameworks/ParsingInternal.framework/Versions/A/ParsingInternal
0x0000000249e46000 	/System/Library/PrivateFrameworks/FontServices.framework/libXTFontStaticRegistryData.dylib
0x00000001955d6000 	/System/Library/Frameworks/MetalPerformanceShaders.framework/Versions/A/Frameworks/MPSCore.framework/Versions/A/MPSCore
0x00000001973e0000 	/System/Library/Frameworks/MetalPerformanceShaders.framework/Versions/A/Frameworks/MPSImage.framework/Versions/A/MPSImage
0x0000000196d9f000 	/System/Library/Frameworks/MetalPerformanceShaders.framework/Versions/A/Frameworks/MPSNeuralNetwork.framework/Versions/A/MPSNeuralNetwork
0x00000001971de000 	/System/Library/Frameworks/MetalPerformanceShaders.framework/Versions/A/Frameworks/MPSMatrix.framework/Versions/A/MPSMatrix
0x0000000196ff6000 	/System/Library/Frameworks/MetalPerformanceShaders.framework/Versions/A/Frameworks/MPSRayIntersector.framework/Versions/A/MPSRayIntersector
0x0000000197210000 	/System/Library/Frameworks/MetalPerformanceShaders.framework/Versions/A/Frameworks/MPSNDArray.framework/Versions/A/MPSNDArray
0x000000023143d000 	/System/Library/Frameworks/MetalPerformanceShaders.framework/Versions/A/Frameworks/MPSFunctions.framework/Versions/A/MPSFunctions
0x000000023141e000 	/System/Library/Frameworks/MetalPerformanceShaders.framework/Versions/A/Frameworks/MPSBenchmarkLoop.framework/Versions/A/MPSBenchmarkLoop
0x0000000231451000 	/System/Library/Frameworks/MetalPerformanceShaders.framework/Versions/A/Frameworks/MPSHost.framework/Versions/A/MPSHost
0x000000018852b000 	/System/Library/PrivateFrameworks/MetalTools.framework/Versions/A/MetalTools
0x00000001ba1f5000 	/System/Library/PrivateFrameworks/IOAccelMemoryInfo.framework/Versions/A/IOAccelMemoryInfo
0x00000001c8706000 	/System/Library/PrivateFrameworks/kperf.framework/Versions/A/kperf
0x00000001b4f5a000 	/System/Library/PrivateFrameworks/GPURawCounter.framework/Versions/A/GPURawCounter
0x00000001a5fc7000 	/System/Library/PrivateFrameworks/ASEProcessing.framework/Versions/A/ASEProcessing
0x00000001d67b3000 	/System/Library/PrivateFrameworks/Symbolication.framework/Versions/A/Symbolication
0x0000000269c77000 	/System/Library/PrivateFrameworks/PhotosensitivityProcessing.framework/Versions/A/PhotosensitivityProcessing
0x000000026d59f000 	/System/Library/PrivateFrameworks/SILManager.framework/Versions/A/SILManager
0x00000001a2672000 	/System/Library/PrivateFrameworks/CoreSymbolication.framework/Versions/A/CoreSymbolication
0x00000001b4ecf000 	/System/Library/PrivateFrameworks/MallocStackLogging.framework/Versions/A/MallocStackLogging
0x00000001a2650000 	/System/Library/PrivateFrameworks/DebugSymbols.framework/Versions/A/DebugSymbols
0x00000001c6e79000 	/System/Library/PrivateFrameworks/OSAnalytics.framework/Versions/A/OSAnalytics
0x0000000247ba4000 	/System/Library/PrivateFrameworks/DeviceRecovery.framework/Versions/A/DeviceRecovery
0x000000027becd000 	/System/Library/PrivateFrameworks/Tightbeam.framework/Versions/A/Tightbeam
0x00000001c2f2d000 	/usr/lib/swift/libswiftCompression.dylib
0x00000001cd53d000 	/System/Library/PrivateFrameworks/AFKUser.framework/Versions/A/AFKUser
0x000000019a305000 	/System/Library/Frameworks/ApplicationServices.framework/Versions/A/Frameworks/ATSUI.framework/Versions/A/ATSUI
0x000000019b9db000 	/System/Library/Frameworks/AudioToolbox.framework/Versions/A/AudioToolbox
0x000000019784e000 	/System/Library/Frameworks/UserNotifications.framework/Versions/A/UserNotifications
0x00000001ba98a000 	/System/Library/PrivateFrameworks/SiriInstrumentation.framework/Versions/A/SiriInstrumentation
0x000000026f9fa000 	/System/Library/PrivateFrameworks/SiriAnalytics.framework/Versions/A/SiriAnalytics
0x00000001b80f2000 	/System/Library/PrivateFrameworks/FeedbackLogger.framework/Versions/A/FeedbackLogger
0x00000001d297d000 	/usr/lib/swift/libswiftAVFoundation.dylib
0x000000027e6f5000 	/System/Library/PrivateFrameworks/UnifiedAssetFramework.framework/Versions/A/UnifiedAssetFramework
0x000000019bbb0000 	/System/Library/PrivateFrameworks/AudioSession.framework/Versions/A/AudioSession
0x0000000199573000 	/System/Library/PrivateFrameworks/MediaExperience.framework/Versions/A/MediaExperience
0x000000019b985000 	/System/Library/PrivateFrameworks/AudioSession.framework/libSessionUtility.dylib
0x00000001a11fd000 	/System/Library/Frameworks/CoreBluetooth.framework/Versions/A/CoreBluetooth
0x0000000196a83000 	/System/Library/PrivateFrameworks/CoreUtils.framework/Versions/A/CoreUtils
0x00000001ace00000 	/System/Library/PrivateFrameworks/HID.framework/Versions/A/HID
0x0000000246abd000 	/System/Library/PrivateFrameworks/CoreUtilsExtras.framework/Versions/A/CoreUtilsExtras
0x0000000256304000 	/System/Library/PrivateFrameworks/IO80211.framework/Versions/A/IO80211
0x000000019db73000 	/System/Library/Frameworks/IOBluetooth.framework/Versions/A/IOBluetooth
0x000000028c48f000 	/usr/lib/swift/libswiftRegexBuilder.dylib
0x00000001991cf000 	/usr/lib/libIOReport.dylib
0x00000001e3354000 	/System/Library/PrivateFrameworks/WiFiPeerToPeer.framework/Versions/A/WiFiPeerToPeer
0x0000000196c1f000 	/System/Library/Frameworks/SecurityFoundation.framework/Versions/A/SecurityFoundation
0x000000023f15f000 	/System/Library/PrivateFrameworks/Centauri.framework/Versions/A/Centauri
0x0000000188f0f000 	/System/Library/PrivateFrameworks/Lexicon.framework/Versions/A/Lexicon
0x000000028bc07000 	/usr/lib/libmrc.dylib
0x000000025636f000 	/System/Library/PrivateFrameworks/IPConfiguration.framework/Versions/A/IPConfiguration
0x00000001d6f8a000 	/System/Library/PrivateFrameworks/Netrb.framework/Versions/A/Netrb
0x00000001a2180000 	/System/Library/PrivateFrameworks/FrontBoardServices.framework/Versions/A/FrontBoardServices
0x0000000196d88000 	/usr/lib/libgermantok.dylib
0x00000001957c5000 	/System/Library/PrivateFrameworks/LinguisticData.framework/Versions/A/LinguisticData
0x00000001a1406000 	/System/Library/PrivateFrameworks/MediaKit.framework/Versions/A/MediaKit
0x00000001a1354000 	/System/Library/Frameworks/DiscRecording.framework/Versions/A/DiscRecording
0x000000019944a000 	/usr/lib/libheimdal-asn1.dylib
0x00000001a4e2f000 	/System/Library/Frameworks/AudioUnit.framework/Versions/A/AudioUnit
0x000000019248a000 	/System/Library/Frameworks/OpenDirectory.framework/Versions/A/OpenDirectory
0x0000000192498000 	/System/Library/Frameworks/OpenDirectory.framework/Versions/A/Frameworks/CFOpenDirectory.framework/Versions/A/CFOpenDirectory
0x000000019df1b000 	/System/Library/PrivateFrameworks/GeoServices.framework/Versions/A/GeoServices
0x000000019b94b000 	/System/Library/PrivateFrameworks/LocationSupport.framework/Versions/A/LocationSupport
0x000000025302b000 	/System/Library/PrivateFrameworks/GeoServicesCore.framework/Versions/A/GeoServicesCore
0x00000001add04000 	/System/Library/PrivateFrameworks/PhoneNumbers.framework/Versions/A/PhoneNumbers
0x000000025b7b3000 	/System/Library/PrivateFrameworks/LocationLogEncryption.framework/Versions/A/LocationLogEncryption
0x000000022d6c5000 	/System/Library/Frameworks/AVFAudio.framework/Versions/A/AVFAudio
0x000000022d809000 	/System/Library/Frameworks/AVRouting.framework/Versions/A/AVRouting
0x00000001ade1c000 	/usr/lib/libAccessibility.dylib
0x000000025a19d000 	/System/Library/PrivateFrameworks/IsolatedCoreAudioClient.framework/Versions/A/IsolatedCoreAudioClient
0x00000002428f5000 	/System/Library/PrivateFrameworks/CoreAudioOrchestration.framework/Versions/A/CoreAudioOrchestration
0x000000019a821000 	/System/Library/Frameworks/MediaToolbox.framework/Versions/A/MediaToolbox
0x00000001a152c000 	/System/Library/PrivateFrameworks/CoreAVCHD.framework/Versions/A/CoreAVCHD
0x00000001a045b000 	/System/Library/Frameworks/MediaAccessibility.framework/Versions/A/MediaAccessibility
0x00000001a1528000 	/System/Library/PrivateFrameworks/Mangrove.framework/Versions/A/Mangrove
0x000000023e79b000 	/System/Library/PrivateFrameworks/CMPhoto.framework/Versions/A/CMPhoto
0x00000001a1cf5000 	/System/Library/Frameworks/CoreTelephony.framework/Versions/A/CoreTelephony
0x00000001a151b000 	/System/Library/PrivateFrameworks/CoreAUC.framework/Versions/A/CoreAUC
0x000000023b90c000 	/System/Library/PrivateFrameworks/AppleJPEGXL.framework/Versions/A/AppleJPEGXL
0x000000019c24c000 	/usr/lib/libTelephonyUtilDynamic.dylib
0x00000001ddee6000 	/System/Library/Frameworks/CryptoKit.framework/Versions/A/CryptoKit
0x00000001a4e2a000 	/System/Library/PrivateFrameworks/CryptoKitCBridging.framework/Versions/A/CryptoKitCBridging
0x00000001a2339000 	/System/Library/Frameworks/CryptoTokenKit.framework/Versions/A/CryptoTokenKit
0x0000000247615000 	/System/Library/PrivateFrameworks/Dendrite.framework/Versions/A/Dendrite
0x00000001b4b02000 	/System/Library/Frameworks/NaturalLanguage.framework/Versions/A/NaturalLanguage
0x0000000252d2e000 	/System/Library/PrivateFrameworks/GenerativeModels.framework/Versions/A/GenerativeModels
0x00000001e32dc000 	/usr/lib/swift/libswiftNaturalLanguage.dylib
0x000000023c482000 	/System/Library/PrivateFrameworks/AppleMobileFileIntegrity.framework/Versions/A/AppleMobileFileIntegrity
0x000000028ad66000 	/usr/lib/libTLE.dylib
0x00000001b4f01000 	/usr/lib/libmis.dylib
0x00000001ec9e3000 	/System/Library/PrivateFrameworks/ConfigProfileHelper.framework/Versions/A/ConfigProfileHelper
0x00000001a4fb9000 	/System/Library/PrivateFrameworks/Espresso.framework/Versions/A/Espresso
0x0000000192c19000 	/System/Library/Frameworks/CoreML.framework/Versions/A/CoreML
0x00000001e1199000 	/usr/lib/libedit.3.dylib
0x000000022a4d4000 	/System/Library/PrivateFrameworks/ANECompiler.framework/Versions/A/ANECompiler
0x00000001a708e000 	/System/Library/PrivateFrameworks/AppleNeuralEngine.framework/Versions/A/AppleNeuralEngine
0x000000025b8d1000 	/System/Library/PrivateFrameworks/MIL.framework/Versions/A/MIL
0x0000000231457000 	/System/Library/Frameworks/MetalPerformanceShadersGraph.framework/Versions/A/MetalPerformanceShadersGraph
0x000000025c040000 	/System/Library/PrivateFrameworks/MLCompilerServices.framework/Versions/A/MLCompilerServices
0x00000001a5e0b000 	/System/Library/PrivateFrameworks/ANEServices.framework/Versions/A/ANEServices
0x00000001ba1b8000 	/usr/lib/libncurses.5.4.dylib
0x000000018c0c6000 	/usr/lib/libsandbox.1.dylib
0x0000000199370000 	/usr/lib/libMatch.1.dylib
0x00000002658c0000 	/System/Library/PrivateFrameworks/ODIE.framework/Versions/A/ODIE
0x000000025eccd000 	/System/Library/PrivateFrameworks/MLModelAsset.framework/Versions/A/MLModelAsset
0x000000025bfe6000 	/System/Library/PrivateFrameworks/MLCompilerRuntime.framework/Versions/A/MLCompilerRuntime
0x000000019704b000 	/System/Library/Frameworks/MLCompute.framework/Versions/A/MLCompute
0x000000025bf68000 	/System/Library/PrivateFrameworks/MLAssetIO.framework/Versions/A/MLAssetIO
0x000000028c461000 	/usr/lib/swift/libswiftMLCompute.dylib
0x00000001a1f10000 	/System/Library/PrivateFrameworks/AVFCore.framework/Versions/A/AVFCore
0x00000001ab71e000 	/System/Library/PrivateFrameworks/AVFCapture.framework/Versions/A/AVFCapture
0x000000023e592000 	/System/Library/PrivateFrameworks/CMImaging.framework/Versions/A/CMImaging
0x00000001ab960000 	/System/Library/PrivateFrameworks/Quagga.framework/Versions/A/Quagga
0x00000001aba91000 	/System/Library/PrivateFrameworks/CMCapture.framework/Versions/A/CMCapture
0x000000019bdd6000 	/System/Library/Frameworks/CoreMediaIO.framework/Versions/A/CoreMediaIO
0x000000023e4cd000 	/System/Library/PrivateFrameworks/CMCaptureDevice.framework/Versions/A/CMCaptureDevice
0x00000001997ab000 	/System/Library/PrivateFrameworks/CoreBrightness.framework/Versions/A/CoreBrightness
0x000000023f656000 	/System/Library/PrivateFrameworks/CinematicFraming.framework/Versions/A/CinematicFraming
0x0000000261da8000 	/System/Library/PrivateFrameworks/ModelManagerServices.framework/Versions/A/ModelManagerServices
0x00000001cf9e7000 	/System/Library/PrivateFrameworks/CPMS.framework/Versions/A/CPMS
0x00000002795f5000 	/System/Library/PrivateFrameworks/SystemStatus.framework/Versions/A/SystemStatus
0x00000001b3940000 	/System/Library/Frameworks/CoreMotion.framework/Versions/A/CoreMotion
0x00000001c3f09000 	/System/Library/PrivateFrameworks/TimeSync.framework/Versions/A/TimeSync
0x0000000247fdb000 	/System/Library/PrivateFrameworks/DistributedSensing.framework/Versions/A/DistributedSensing
0x00000001bf300000 	/System/Library/PrivateFrameworks/MobileBluetooth.framework/Versions/A/MobileBluetooth
0x00000001c5bc6000 	/System/Library/PrivateFrameworks/IOKitten.framework/Versions/A/IOKitten
0x000000023b786000 	/System/Library/PrivateFrameworks/AppleIntelligenceReporting.framework/Versions/A/AppleIntelligenceReporting
0x0000000196992000 	/System/Library/PrivateFrameworks/CoreEmoji.framework/Versions/A/CoreEmoji
0x0000000189221000 	/usr/lib/libCRFSuite.dylib
0x000000018a501000 	/System/Library/PrivateFrameworks/LanguageModeling.framework/Versions/A/LanguageModeling
0x00000001956a5000 	/System/Library/PrivateFrameworks/CoreNLP.framework/Versions/A/CoreNLP
0x000000018f477000 	/System/Library/PrivateFrameworks/Montreal.framework/Versions/A/Montreal
0x0000000197b02000 	/usr/lib/libcmph.dylib
0x0000000196d29000 	/usr/lib/libmecab.dylib
0x0000000197c73000 	/usr/lib/libThaiTokenizer.dylib
0x0000000252e10000 	/System/Library/PrivateFrameworks/GenerativeModelsFoundation.framework/Versions/A/GenerativeModelsFoundation
0x000000027c3d2000 	/System/Library/PrivateFrameworks/TokenGeneration.framework/Versions/A/TokenGeneration
0x0000000252be4000 	/System/Library/PrivateFrameworks/GenerativeFunctions.framework/Versions/A/GenerativeFunctions
0x0000000252c32000 	/System/Library/PrivateFrameworks/GenerativeFunctionsFoundation.framework/Versions/A/GenerativeFunctionsFoundation
0x0000000261a6e000 	/System/Library/PrivateFrameworks/ModelCatalog.framework/Versions/A/ModelCatalog
0x000000026ec14000 	/System/Library/PrivateFrameworks/SensitiveContentAnalysisML.framework/Versions/A/SensitiveContentAnalysisML
0x0000000252cc8000 	/System/Library/PrivateFrameworks/GenerativeFunctionsInstrumentation.framework/Versions/A/GenerativeFunctionsInstrumentation
0x000000026ba8c000 	/System/Library/PrivateFrameworks/PromptKit.framework/Versions/A/PromptKit
0x000000026b4a3000 	/System/Library/PrivateFrameworks/ProactiveDaemonSupport.framework/Versions/A/ProactiveDaemonSupport
0x000000027c60a000 	/System/Library/PrivateFrameworks/TokenGenerationCore.framework/Versions/A/TokenGenerationCore
0x00000001b59cd000 	/System/Library/PrivateFrameworks/Trial.framework/Versions/A/Trial
0x00000001b594e000 	/System/Library/PrivateFrameworks/TrialProto.framework/Versions/A/TrialProto
0x000000023b3b2000 	/System/Library/PrivateFrameworks/AppleFlatBuffers.framework/Versions/A/AppleFlatBuffers
0x000000026eee4000 	/System/Library/PrivateFrameworks/SentencePieceInternal.framework/Versions/A/SentencePieceInternal
0x00000001a04b5000 	/System/Library/Frameworks/Vision.framework/Versions/A/Vision
0x000000024679f000 	/System/Library/PrivateFrameworks/CoreSceneUnderstanding.framework/Versions/A/CoreSceneUnderstanding
0x000000028124a000 	/System/Library/PrivateFrameworks/VisionCore.framework/Versions/A/VisionCore
0x000000019a75e000 	/System/Library/PrivateFrameworks/DataDetectorsCore.framework/Versions/A/DataDetectorsCore
0x00000001be28e000 	/System/Library/Frameworks/Vision.framework/libfaceCore.dylib
0x00000001beda8000 	/System/Library/PrivateFrameworks/Futhark.framework/Versions/A/Futhark
0x00000001c2ce6000 	/System/Library/PrivateFrameworks/InertiaCam.framework/Versions/A/InertiaCam
0x00000001beb35000 	/System/Library/PrivateFrameworks/TextRecognition.framework/Versions/A/TextRecognition
0x000000022f073000 	/System/Library/Frameworks/DataDetection.framework/Versions/A/DataDetection
0x00000001b8d5e000 	/System/Library/PrivateFrameworks/TextInput.framework/Versions/A/TextInput
0x000000019920d000 	/System/Library/PrivateFrameworks/CVNLP.framework/Versions/A/CVNLP
0x00000001db2de000 	/System/Library/PrivateFrameworks/HIDDisplay.framework/Versions/A/HIDDisplay
0x000000019bfba000 	/usr/lib/libcups.2.dylib
0x000000019c050000 	/System/Library/Frameworks/Kerberos.framework/Versions/A/Kerberos
0x000000019bcc1000 	/usr/lib/libresolv.9.dylib
0x00000001996c6000 	/System/Library/PrivateFrameworks/Heimdal.framework/Versions/A/Heimdal
0x00000001a4e2e000 	/System/Library/Frameworks/Kerberos.framework/Versions/A/Libraries/libHeimdalProxy.dylib
0x000000019c0b4000 	/System/Library/PrivateFrameworks/CommonAuth.framework/Versions/A/CommonAuth
0x00000001add10000 	/System/Library/PrivateFrameworks/AXCoreUtilities.framework/Versions/A/AXCoreUtilities
0x00000001be0d9000 	/System/Library/PrivateFrameworks/AttributeGraph.framework/Versions/A/AttributeGraph
0x000000028a867000 	/usr/lib/libAXSafeCategoryBundle.dylib
0x00000002357e2000 	/System/Library/Frameworks/TabularData.framework/Versions/A/TabularData
0x000000023c632000 	/System/Library/PrivateFrameworks/ArgumentParserInternal.framework/Versions/A/ArgumentParserInternal
0x0000000196854000 	/System/Library/Frameworks/Accelerate.framework/Versions/A/Frameworks/vecLib.framework/Versions/A/libvDSP.dylib
0x0000000197dc2000 	/System/Library/Frameworks/Accelerate.framework/Versions/A/Frameworks/vecLib.framework/Versions/A/libLAPACK.dylib
0x0000000196d8b000 	/System/Library/Frameworks/Accelerate.framework/Versions/A/Frameworks/vecLib.framework/Versions/A/libLinearAlgebra.dylib
0x0000000197cb9000 	/System/Library/Frameworks/Accelerate.framework/Versions/A/Frameworks/vecLib.framework/Versions/A/libSparseBLAS.dylib
0x0000000197dbd000 	/System/Library/Frameworks/Accelerate.framework/Versions/A/Frameworks/vecLib.framework/Versions/A/libQuadrature.dylib
0x00000001957cc000 	/System/Library/Frameworks/Accelerate.framework/Versions/A/Frameworks/vecLib.framework/Versions/A/libBNNS.dylib
0x000000018901f000 	/System/Library/Frameworks/Accelerate.framework/Versions/A/Frameworks/vecLib.framework/Versions/A/libSparse.dylib
0x000000022eb58000 	/System/Library/Frameworks/CoreTransferable.framework/Versions/A/CoreTransferable
0x000000019c019000 	/System/Library/PrivateFrameworks/NetAuth.framework/Versions/A/NetAuth
0x00000001926ae000 	/System/Library/PrivateFrameworks/login.framework/Versions/A/Frameworks/loginsupport.framework/Versions/A/loginsupport
0x000000018d846000 	/System/Library/PrivateFrameworks/UIFoundation.framework/Versions/A/UIFoundation
0x0000000196cf3000 	/usr/lib/libCheckFix.dylib
0x0000000191834000 	/System/Library/PrivateFrameworks/MetadataUtilities.framework/Versions/A/MetadataUtilities
0x0000000256df6000 	/System/Library/PrivateFrameworks/InstalledContentLibrary.framework/Versions/A/InstalledContentLibrary
0x000000018bf8a000 	/System/Library/PrivateFrameworks/CoreServicesStore.framework/Versions/A/CoreServicesStore
0x00000001924f9000 	/usr/lib/libapp_launch_measurement.dylib
0x00000001c881d000 	/System/Library/PrivateFrameworks/MobileSystemServices.framework/Versions/A/MobileSystemServices
0x0000000199092000 	/usr/lib/libxslt.1.dylib
0x0000000196cb2000 	/System/Library/PrivateFrameworks/BackgroundTaskManagement.framework/Versions/A/BackgroundTaskManagement
0x00000001a44c0000 	/usr/lib/libcurl.4.dylib
0x000000028b56b000 	/usr/lib/libcrypto.46.dylib
0x000000028c10a000 	/usr/lib/libssl.48.dylib
0x00000001a419a000 	/System/Library/Frameworks/LDAP.framework/Versions/A/LDAP
0x00000001a41d6000 	/System/Library/PrivateFrameworks/TrustEvaluationAgent.framework/Versions/A/TrustEvaluationAgent
0x000000019bcde000 	/usr/lib/libsasl2.2.dylib
0x00000001a743d000 	/System/Library/Frameworks/Cocoa.framework/Versions/A/Cocoa
0x000000018c123000 	/System/Library/Frameworks/AppKit.framework/Versions/C/AppKit
0x00000002404d6000 	/System/Library/PrivateFrameworks/CollectionViewCore.framework/Versions/A/CollectionViewCore
0x0000000194d67000 	/System/Library/PrivateFrameworks/XCTTargetBootstrap.framework/Versions/A/XCTTargetBootstrap
0x000000019a7b0000 	/System/Library/PrivateFrameworks/UserActivity.framework/Versions/A/UserActivity
0x0000000249f44000 	/System/Library/PrivateFrameworks/FrontBoard.framework/Versions/A/FrontBoard
0x000000027e01a000 	/System/Library/PrivateFrameworks/UIIntelligenceSupport.framework/Versions/A/UIIntelligenceSupport
0x000000023486b000 	/System/Library/Frameworks/SwiftUICore.framework/Versions/A/SwiftUICore
0x0000000284baf000 	/System/Library/PrivateFrameworks/WritingTools.framework/Versions/A/WritingTools
0x00000002839aa000 	/System/Library/PrivateFrameworks/WindowManagement.framework/Versions/A/WindowManagement
0x0000000249c79000 	/System/Library/PrivateFrameworks/FocusEngine.framework/Versions/A/FocusEngine
0x0000000247685000 	/System/Library/PrivateFrameworks/DesignLibrary.framework/Versions/A/DesignLibrary
0x0000000194d52000 	/System/Library/PrivateFrameworks/DFRFoundation.framework/Versions/A/DFRFoundation
0x000000027ef63000 	/System/Library/PrivateFrameworks/UpdateCycle.framework/Versions/A/UpdateCycle
0x0000000194a56000 	/System/Library/Frameworks/Carbon.framework/Versions/A/Frameworks/HIToolbox.framework/Versions/A/HIToolbox
0x000000019fd7b000 	/System/Library/Frameworks/Carbon.framework/Versions/A/Frameworks/SpeechRecognition.framework/Versions/A/SpeechRecognition
0x0000000192480000 	/System/Library/PrivateFrameworks/PerformanceAnalysis.framework/Versions/A/PerformanceAnalysis
0x00000001a010b000 	/System/Library/Frameworks/Accessibility.framework/Versions/A/Accessibility
0x00000002357c8000 	/System/Library/Frameworks/Symbols.framework/Versions/A/Symbols
0x00000002531d9000 	/System/Library/PrivateFrameworks/Gestures.framework/Versions/A/Gestures
0x000000028c532000 	/usr/lib/swift/libswiftSpatial.dylib
0x00000001b1e15000 	/usr/lib/swift/libswiftCoreGraphics.dylib
0x00000001a0b4f000 	/usr/lib/swift/libswiftFoundation.dylib
0x00000001ec387000 	/usr/lib/swift/libswiftSwiftOnoneSupport.dylib
0x000000028c7b8000 	/usr/lib/swift/libswiftsys_time.dylib
0x00000001d6fc8000 	/System/Library/PrivateFrameworks/CoreMaterial.framework/Versions/A/CoreMaterial
0x000000028ad63000 	/usr/lib/libSpatial.dylib
0x000000028a784000 	/System/Library/SubFrameworks/UIUtilities.framework/Versions/A/UIUtilities
0x0000000109cd8000 	/opt/homebrew/Cellar/openjdk@21/21.0.11/libexec/openjdk.jdk/Contents/Home/lib/server/libjvm.dylib
0x0000000104208000 	/opt/homebrew/Cellar/openjdk@21/21.0.11/libexec/openjdk.jdk/Contents/Home/lib/libjimage.dylib
0x0000000104264000 	/opt/homebrew/Cellar/openjdk@21/21.0.11/libexec/openjdk.jdk/Contents/Home/lib/libjdwp.dylib
0x00000001042ac000 	/opt/homebrew/Cellar/openjdk@21/21.0.11/libexec/openjdk.jdk/Contents/Home/lib/libjava.dylib
0x0000000104238000 	/opt/homebrew/Cellar/openjdk@21/21.0.11/libexec/openjdk.jdk/Contents/Home/lib/libinstrument.dylib
0x0000000104440000 	/private/var/folders/nx/3xxrylk911ngxwk_cpzff9vm0000gn/T/idea_libasyncProfiler_dylib_temp_folder/libasyncProfiler.dylib
0x000000010431c000 	/opt/homebrew/Cellar/openjdk@21/21.0.11/libexec/openjdk.jdk/Contents/Home/lib/libzip.dylib
0x000000028a859000 	/usr/lib/i18n/libiconv_std.dylib
0x000000028a84f000 	/usr/lib/i18n/libUTF8.dylib
0x000000028a85e000 	/usr/lib/i18n/libmapper_none.dylib
0x00000001043f4000 	/opt/homebrew/Cellar/openjdk@21/21.0.11/libexec/openjdk.jdk/Contents/Home/lib/libdt_socket.dylib

JVMTI agents:
jdwp path:none, loaded, not initialized, options:transport=dt_socket,address=127.0.0.1:62984,suspend=y,server=n
/Users/josiaschweizer/Library/Caches/JetBrains/IntelliJIdea2026.1/captureAgent/debugger-agent.jar path:none, loaded, not initialized, instrumentlib options:file:///var/folders/nx/3xxrylk911ngxwk_cpzff9vm0000gn/T/capture9682858718960172714.props
/private/var/folders/nx/3xxrylk911ngxwk_cpzff9vm0000gn/T/idea_libasyncProfiler_dylib_temp_folder/libasyncProfiler.dylib path:none, loaded, not initialized, options:version,jfr,event=wall,interval=10ms,cstack=no,file=/Users/josiaschweizer/IdeaSnapshots/Verno_Gateway_API_Server_2026_07_01_063011.jfr,log=/private/var/folders/nx/3xxrylk911ngxwk_cpzff9vm0000gn/T/Verno_Gateway_API_Server_2026_07_01_063011.jfr.log.txt,logLevel=DEBUG


VM Arguments:
jvm_args: -agentlib:jdwp=transport=dt_socket,address=127.0.0.1:62984,suspend=y,server=n -javaagent:/Users/josiaschweizer/Library/Caches/JetBrains/IntelliJIdea2026.1/captureAgent/debugger-agent.jar=file:///var/folders/nx/3xxrylk911ngxwk_cpzff9vm0000gn/T/capture9682858718960172714.props -agentpath:/private/var/folders/nx/3xxrylk911ngxwk_cpzff9vm0000gn/T/idea_libasyncProfiler_dylib_temp_folder/libasyncProfiler.dylib=version,jfr,event=wall,interval=10ms,cstack=no,file=/Users/josiaschweizer/IdeaSnapshots/Verno_Gateway_API_Server_2026_07_01_063011.jfr,log=/private/var/folders/nx/3xxrylk911ngxwk_cpzff9vm0000gn/T/Verno_Gateway_API_Server_2026_07_01_063011.jfr.log.txt,logLevel=DEBUG -XX:TieredStopAtLevel=1 -Dspring.output.ansi.enabled=always -Dcom.sun.management.jmxremote -Dspring.jmx.enabled=true -Dspring.liveBeansView.mbeanDomain -Dspring.application.admin.enabled=true -Dmanagement.endpoints.jmx.exposure.include=* -Dkotlinx.coroutines.debug.enable.creation.stack.trace=false -Ddebugger.agent.enable.coroutines=true -Dkotlinx.coroutines.debug.enable.flows.stack.trace=true -Dkotlinx.coroutines.debug.enable.mutable.state.flows.stack.trace=true -Ddebugger.async.stack.trace.for.all.threads=true -Dfile.encoding=ISO-8859-1 -Dsun.stdout.encoding=ISO-8859-1 -Dsun.stderr.encoding=ISO-8859-1 
java_command: ch.verno.gateway.GatewayApplication
java_class_path (initial): /Users/josiaschweizer/dev/verno/gateway/target/classes:/Users/josiaschweizer/dev/verno/contract/target/classes:/Users/josiaschweizer/dev/verno/common/target/classes:/Users/josiaschweizer/dev/verno/lib/target/classes:/Users/josiaschweizer/.m2/repository/org/jetbrains/annotations/26.0.2-1/annotations-26.0.2-1.jar:/Users/josiaschweizer/.m2/repository/com/google/code/findbugs/jsr305/3.0.2/jsr305-3.0.2.jar:/Users/josiaschweizer/.m2/repository/com/googlecode/libphonenumber/libphonenumber/8.13.41/libphonenumber-8.13.41.jar:/Users/josiaschweizer/.m2/repository/io/jsonwebtoken/jjwt-api/0.13.0/jjwt-api-0.13.0.jar:/Users/josiaschweizer/.m2/repository/io/jsonwebtoken/jjwt-impl/0.13.0/jjwt-impl-0.13.0.jar:/Users/josiaschweizer/.m2/repository/io/jsonwebtoken/jjwt-jackson/0.13.0/jjwt-jackson-0.13.0.jar:/Users/josiaschweizer/.m2/repository/jakarta/annotation/jakarta.annotation-api/3.0.0/jakarta.annotation-api-3.0.0.jar:/Users/josiaschweizer/.m2/repository/jakarta/validation/jakarta.validation-api/3.1.1/jakarta.validation-api-3.1.1.jar:/Users/josiaschweizer/.m2/repository/tools/jackson/core/jackson-databind/3.0.3/jackson-databind-3.0.3.jar:/Users/josiaschweizer/.m2/repository/com/fasterxml/jackson/core/jackson-annotations/2.20/jackson-annotations-2.20.jar:/Users/josiaschweizer/.m2/repository/tools/jackson/core/jackson-core/3.0.3/jackson-core-3.0.3.jar:/Users/josiaschweizer/dev/verno/client/target/classes:/Users/josiaschweizer/.m2/repository/com/google/inject/guice/7.0.0/guice-7.0.0.jar:/Users/josiaschweizer/.m2/repository/jakarta/inject/jakarta.inject-api/2.0.1/jakarta.inject-api-2.0.1.jar:/Users/josiaschweizer/.m2/repository/aopalliance/aopalliance/1.0/aopalliance-1.0.jar:/Users/josiaschweizer/.m2/repository/com/google/guava/guava/31.0.1-jre/guava-31.0.1-jre.jar:/Users/josiaschweizer/.m2/repository/com/google/guava/failureaccess/1.0.1/failureaccess-1.0.1.jar:/Users/josiaschweizer/.m2/repository/com/google/guava/listenablefuture/9999.0-empty-to-avoid-conflict-with-guava/listenablefuture-9999.0-empty-to-avoid-conflict-with-guava.jar:/Users/josiaschweizer/.m2/repository/org/checkerframework/checker-qual/3.12.0/checker-qual-3.12.0.jar:/Users/josiaschweizer/.m2/repository/com/google/errorprone/error_prone_annotations/2.7.1/error_prone_annotations-2.7.1.jar:/Users/josiaschweizer/.m2/repository/com/google/j2objc/j2objc-annotations/1.3/j2objc-annotations-1.3.jar:/Users/josiaschweizer/.m2/repository/org/springframework/spring-web/7.0.1/spring-web-7.0.1.jar:/Users/josiaschweizer/.m2/repository/org/springframework/spring-beans/7.0.1/spring-beans-7.0.1.jar:/Users/josiaschweizer/.m2/repository/io/micrometer/micrometer-observation/1.16.0/micrometer-observation-1.16.0.jar:/Users/josiaschweizer/.m2/repository/io/micrometer/micrometer-commons/1.16.0/micrometer-commons-1.16.0.jar:/Users/josiaschweizer/.m2/repository/org/springframework/security/spring-security-core/7.0.0/spring-security-core-7.0.0.jar:/Users/josiaschweizer/.m2/repository/org/springframework/security/spring-security-crypto/7.0.0/spring-security-crypto-7.0.0.jar:/Users/josiaschweizer/.m2/repository/org/springframework/spring-context/7.0.1/spring-context-7.0.1.jar:/Users/josiaschweizer/.m2/repository/org/springframework/spring-expression/7.0.1/spring-expression-7.0.1.jar:/Users/josiaschweizer/.m2/repository/com/vaadin/vaadin/25.0.0/vaadin-25.0.0.jar:/Users/josiaschweizer/.m2/repository/com/vaadin/vaadin-internal/25.0.0/vaadin-internal-25.0.0.jar:/Users/josiaschweizer/.m2/repository/com/vaadin/vaadin-core-internal/25.0.0/vaadin-core-internal-25.0.0.jar:/Users/josiaschweizer/.m2/repository/com/vaadin/flow-server/25.0.0/flow-server-25.0.0.jar:/Users/josiaschweizer/.m2/repository/com/vaadin/signals/25.0.0/signals-25.0.0.jar:/Users/josiaschweizer/.m2/repository/org/jsoup/jsoup/1.22.2/jsoup-1.22.2.jar:/Users/josiaschweizer/.m2/repository/com/vaadin/external/gentyref/1.2.0.vaadin1/gentyref-1.2.0.vaadin1.jar:/Users/josiaschweizer/.m2/repository/com/vaadin/flow-lit-template/25.0.0/flow-lit-template-25.0.0.jar:/Users/josiaschweizer/.m2/repository/com/vaadin/flow-react/25.0.0/flow-react-25.0.0.jar:/Users/josiaschweizer/.m2/repository/com/vaadin/flow-push/25.0.0/flow-push-25.0.0.jar:/Users/josiaschweizer/.m2/repository/com/vaadin/external/atmosphere/atmosphere-runtime/3.0.5.slf4jvaadin1/atmosphere-runtime-3.0.5.slf4jvaadin1.jar:/Users/josiaschweizer/.m2/repository/com/vaadin/flow-client/25.0.0/flow-client-25.0.0.jar:/Users/josiaschweizer/.m2/repository/com/vaadin/flow-html-components/25.0.0/flow-html-components-25.0.0.jar:/Users/josiaschweizer/.m2/repository/com/vaadin/flow-data/25.0.0/flow-data-25.0.0.jar:/Users/josiaschweizer/.m2/repository/com/vaadin/flow-dnd/25.0.0/flow-dnd-25.0.0.jar:/Users/josiaschweizer/.m2/repository/com/vaadin/vaadin-lumo-theme/25.0.0/vaadin-lumo-theme-25.0.0.jar:/Users/josiaschweizer/.m2/repository/com/vaadin/vaadin-icons-flow/25.0.0/vaadin-icons-flow-25.0.0.jar:/Users/josiaschweizer/.m2/repository/com/vaadin/vaadin-aura-theme/25.0.0/vaadin-aura-theme-25.0.0.jar:/Users/josiaschweizer/.m2/repository/com/vaadin/vaadin-core-components/25.0.0/vaadin-core-components-25.0.0.jar:/Users/josiaschweizer/.m2/repository/com/vaadin/vaadin-accordion-flow/25.0.0/vaadin-accordion-flow-25.0.0.jar:/Users/josiaschweizer/.m2/repository/com/vaadin/vaadin-avatar-flow/25.0.0/vaadin-avatar-flow-25.0.0.jar:/Users/josiaschweizer/.m2/repository/com/vaadin/vaadin-card-flow/25.0.0/vaadin-card-flow-25.0.0.jar:/Users/josiaschweizer/.m2/repository/com/vaadin/vaadin-checkbox-flow/25.0.0/vaadin-checkbox-flow-25.0.0.jar:/Users/josiaschweizer/.m2/repository/com/vaadin/vaadin-combo-box-flow/25.0.0/vaadin-combo-box-flow-25.0.0.jar:/Users/josiaschweizer/.m2/repository/com/vaadin/vaadin-confirm-dialog-flow/25.0.0/vaadin-confirm-dialog-flow-25.0.0.jar:/Users/josiaschweizer/.m2/repository/com/vaadin/vaadin-custom-field-flow/25.0.0/vaadin-custom-field-flow-25.0.0.jar:/Users/josiaschweizer/.m2/repository/com/vaadin/vaadin-date-picker-flow/25.0.0/vaadin-date-picker-flow-25.0.0.jar:/Users/josiaschweizer/.m2/repository/com/vaadin/vaadin-date-time-picker-flow/25.0.0/vaadin-date-time-picker-flow-25.0.0.jar:/Users/josiaschweizer/.m2/repository/com/vaadin/vaadin-details-flow/25.0.0/vaadin-details-flow-25.0.0.jar:/Users/josiaschweizer/.m2/repository/com/vaadin/vaadin-time-picker-flow/25.0.0/vaadin-time-picker-flow-25.0.0.jar:/Users/josiaschweizer/.m2/repository/com/vaadin/vaadin-select-flow/25.0.0/vaadin-select-flow-25.0.0.jar:/Users/josiaschweizer/.m2/repository/com/vaadin/vaadin-side-nav-flow/25.0.0/vaadin-side-nav-flow-25.0.0.jar:/Users/josiaschweizer/.m2/repository/com/vaadin/vaadin-dialog-flow/25.0.0/vaadin-dialog-flow-25.0.0.jar:/Users/josiaschweizer/.m2/repository/com/vaadin/vaadin-form-layout-flow/25.0.0/vaadin-form-layout-flow-25.0.0.jar:/Users/josiaschweizer/.m2/repository/com/vaadin/vaadin-field-highlighter-flow/25.0.0/vaadin-field-highlighter-flow-25.0.0.jar:/Users/josiaschweizer/.m2/repository/com/vaadin/vaadin-virtual-list-flow/25.0.0/vaadin-virtual-list-flow-25.0.0.jar:/Users/josiaschweizer/.m2/repository/com/vaadin/vaadin-list-box-flow/25.0.0/vaadin-list-box-flow-25.0.0.jar:/Users/josiaschweizer/.m2/repository/com/vaadin/vaadin-login-flow/25.0.0/vaadin-login-flow-25.0.0.jar:/Users/josiaschweizer/.m2/repository/com/vaadin/vaadin-markdown-flow/25.0.0/vaadin-markdown-flow-25.0.0.jar:/Users/josiaschweizer/.m2/repository/com/vaadin/vaadin-master-detail-layout-flow/25.0.0/vaadin-master-detail-layout-flow-25.0.0.jar:/Users/josiaschweizer/.m2/repository/com/vaadin/vaadin-messages-flow/25.0.0/vaadin-messages-flow-25.0.0.jar:/Users/josiaschweizer/.m2/repository/com/vaadin/vaadin-ordered-layout-flow/25.0.0/vaadin-ordered-layout-flow-25.0.0.jar:/Users/josiaschweizer/.m2/repository/com/vaadin/vaadin-progress-bar-flow/25.0.0/vaadin-progress-bar-flow-25.0.0.jar:/Users/josiaschweizer/.m2/repository/com/vaadin/vaadin-popover-flow/25.0.0/vaadin-popover-flow-25.0.0.jar:/Users/josiaschweizer/.m2/repository/com/vaadin/vaadin-radio-button-flow/25.0.0/vaadin-radio-button-flow-25.0.0.jar:/Users/josiaschweizer/.m2/repository/com/vaadin/vaadin-split-layout-flow/25.0.0/vaadin-split-layout-flow-25.0.0.jar:/Users/josiaschweizer/.m2/repository/com/vaadin/vaadin-tabs-flow/25.0.0/vaadin-tabs-flow-25.0.0.jar:/Users/josiaschweizer/.m2/repository/com/vaadin/vaadin-upload-flow/25.0.0/vaadin-upload-flow-25.0.0.jar:/Users/josiaschweizer/.m2/repository/com/vaadin/vaadin-notification-flow/25.0.0/vaadin-notification-flow-25.0.0.jar:/Users/josiaschweizer/.m2/repository/com/vaadin/vaadin-app-layout-flow/25.0.0/vaadin-app-layout-flow-25.0.0.jar:/Users/josiaschweizer/.m2/repository/com/vaadin/vaadin-context-menu-flow/25.0.0/vaadin-context-menu-flow-25.0.0.jar:/Users/josiaschweizer/.m2/repository/com/vaadin/vaadin-menu-bar-flow/25.0.0/vaadin-menu-bar-flow-25.0.0.jar:/Users/josiaschweizer/.m2/repository/com/vaadin/collaboration-engine/7.0.0/collaboration-engine-7.0.0.jar:/Users/josiaschweizer/.m2/repository/com/vaadin/vaadin-board-flow/25.0.0/vaadin-board-flow-25.0.0.jar:/Users/josiaschweizer/.m2/repository/com/vaadin/vaadin-charts-flow/25.0.0/vaadin-charts-flow-25.0.0.jar:/Users/josiaschweizer/.m2/repository/com/vaadin/vaadin-crud-flow/25.0.0/vaadin-crud-flow-25.0.0.jar:/Users/josiaschweizer/.m2/repository/com/vaadin/vaadin-button-flow/25.0.0/vaadin-button-flow-25.0.0.jar:/Users/josiaschweizer/.m2/repository/com/vaadin/vaadin-flow-components-base/25.0.0/vaadin-flow-components-base-25.0.0.jar:/Users/josiaschweizer/.m2/repository/com/vaadin/vaadin-grid-flow/25.0.0/vaadin-grid-flow-25.0.0.jar:/Users/josiaschweizer/.m2/repository/com/vaadin/vaadin-renderer-flow/25.0.0/vaadin-renderer-flow-25.0.0.jar:/Users/josiaschweizer/.m2/repository/com/vaadin/vaadin-text-field-flow/25.0.0/vaadin-text-field-flow-25.0.0.jar:/Users/josiaschweizer/.m2/repository/com/vaadin/vaadin-dashboard-flow/25.0.0/vaadin-dashboard-flow-25.0.0.jar:/Users/josiaschweizer/.m2/repository/com/vaadin/vaadin-grid-pro-flow/25.0.0/vaadin-grid-pro-flow-25.0.0.jar:/Users/josiaschweizer/.m2/repository/com/vaadin/vaadin-map-flow/25.0.0/vaadin-map-flow-25.0.0.jar:/Users/josiaschweizer/.m2/repository/com/vaadin/vaadin-rich-text-editor-flow/25.0.0/vaadin-rich-text-editor-flow-25.0.0.jar:/Users/josiaschweizer/.m2/repository/com/vaadin/vaadin-core/25.0.0/vaadin-core-25.0.0.jar:/Users/josiaschweizer/.m2/repository/com/fasterxml/jackson/core/jackson-databind/2.20.1/jackson-databind-2.20.1.jar:/Users/josiaschweizer/.m2/repository/com/fasterxml/jackson/core/jackson-core/2.20.1/jackson-core-2.20.1.jar:/Users/josiaschweizer/.m2/repository/org/springframework/boot/spring-boot-starter-web/4.0.0/spring-boot-starter-web-4.0.0.jar:/Users/josiaschweizer/.m2/repository/org/springframework/boot/spring-boot-starter-jackson/4.0.0/spring-boot-starter-jackson-4.0.0.jar:/Users/josiaschweizer/.m2/repository/org/springframework/boot/spring-boot-jackson/4.0.0/spring-boot-jackson-4.0.0.jar:/Users/josiaschweizer/.m2/repository/org/springframework/boot/spring-boot-starter-tomcat/4.0.0/spring-boot-starter-tomcat-4.0.0.jar:/Users/josiaschweizer/.m2/repository/org/springframework/boot/spring-boot-starter-tomcat-runtime/4.0.0/spring-boot-starter-tomcat-runtime-4.0.0.jar:/Users/josiaschweizer/.m2/repository/org/springframework/boot/spring-boot-web-server/4.0.0/spring-boot-web-server-4.0.0.jar:/Users/josiaschweizer/.m2/repository/org/apache/tomcat/embed/tomcat-embed-core/11.0.14/tomcat-embed-core-11.0.14.jar:/Users/josiaschweizer/.m2/repository/org/apache/tomcat/embed/tomcat-embed-websocket/11.0.14/tomcat-embed-websocket-11.0.14.jar:/Users/josiaschweizer/.m2/repository/org/springframework/boot/spring-boot-tomcat/4.0.0/spring-boot-tomcat-4.0.0.jar:/Users/josiaschweizer/.m2/repository/org/springframework/boot/spring-boot-http-converter/4.0.0/spring-boot-http-converter-4.0.0.jar:/Users/josiaschweizer/.m2/repository/org/springframework/boot/spring-boot/4.0.0/spring-boot-4.0.0.jar:/Users/josiaschweizer/.m2/repository/org/springframework/boot/spring-boot-webmvc/4.0.0/spring-boot-webmvc-4.0.0.jar:/Users/josiaschweizer/.m2/repository/org/springframework/boot/spring-boot-servlet/4.0.0/spring-boot-servlet-4.0.0.jar:/Users/josiaschweizer/.m2/repository/org/springframework/spring-webmvc/7.0.1/spring-webmvc-7.0.1.jar:/Users/josiaschweizer/.m2/repository/org/springframework/boot/spring-boot-starter-validation/4.0.0/spring-boot-starter-validation-4.0.0.jar:/Users/josiaschweizer/.m2/repository/org/springframework/boot/spring-boot-starter/4.0.0/spring-boot-starter-4.0.0.jar:/Users/josiaschweizer/.m2/repository/org/springframework/boot/spring-boot-starter-logging/4.0.0/spring-boot-starter-logging-4.0.0.jar:/Users/josiaschweizer/.m2/repository/ch/qos/logback/logback-classic/1.5.21/logback-classic-1.5.21.jar:/Users/josiaschweizer/.m2/repository/ch/qos/logback/logback-core/1.5.21/logback-core-1.5.21.jar:/Users/josiaschweizer/.m2/repository/org/apache/logging/log4j/log4j-to-slf4j/2.25.2/log4j-to-slf4j-2.25.2.jar:/Users/josiaschweizer/.m2/repository/org/apache/logging/log4j/log4j-api/2.25.2/log4j-api-2.25.2.jar:/Users/josiaschweizer/.m2/repository/org/slf4j/jul-to-slf4j/2.0.17/jul-to-slf4j-2.0.17.jar:/Users/josiaschweizer/.m2/repository/org/springframework/boot/spring-boot-autoconfigure/4.0.0/spring-boot-autoconfigure-4.0.0.jar:/Users/josiaschweizer/.m2/repository/org/yaml/snakeyaml/2.5/snakeyaml-2.5.jar:/Users/josiaschweizer/.m2/repository/org/springframework/boot/spring-boot-validation/4.0.0/spring-boot-validation-4.0.0.jar:/Users/josiaschweizer/.m2/repository/org/apache/tomcat/embed/tomcat-embed-el/11.0.14/tomcat-embed-el-11.0.14.jar:/Users/josiaschweizer/.m2/repository/org/hibernate/validator/hibernate-validator/9.0.1.Final/hibernate-validator-9.0.1.Final.jar:/Users/josiaschweizer/.m2/repository/org/jboss/logging/jboss-logging/3.6.1.Final/jboss-logging-3.6.1.Final.jar:/Users/josiaschweizer/.m2/repository/com/fasterxml/classmate/1.7.1/classmate-1.7.1.jar:/Users/josiaschweizer/.m2/repository/org/springframework/boot/spring-boot-starter-security/4.0.0/spring-boot-starter-security-4.0.0.jar:/Users/josiaschweizer/.m2/repository/org/springframework/boot/spring-boot-security/4.0.0/spring-boot-security-4.0.0.jar:/Users/josiaschweizer/.m2/repository/org/springframework/security/spring-security-config/7.0.0/spring-security-config-7.0.0.jar:/Users/josiaschweizer/.m2/repository/org/springframework/security/spring-security-web/7.0.0/spring-security-web-7.0.0.jar:/Users/josiaschweizer/.m2/repository/org/springframework/spring-aop/7.0.1/spring-aop-7.0.1.jar:/Users/josiaschweizer/.m2/repository/org/slf4j/slf4j-api/2.0.17/slf4j-api-2.0.17.jar:/Users/josiaschweizer/.m2/repository/org/ow2/asm/asm/9.9/asm-9.9.jar:/Users/josiaschweizer/.m2/repository/org/springframework/spring-core/7.0.1/spring-core-7.0.1.jar:/Users/josiaschweizer/.m2/repository/commons-logging/commons-logging/1.3.5/commons-logging-1.3.5.jar:/Users/josiaschweizer/.m2/repository/org/jspecify/jspecify/1.0.0/jspecify-1.0.0.jar:/Users/josiaschweizer/Applications/IntelliJ IDEA.app/Contents/lib/idea_rt.jar
Launcher Type: SUN_STANDARD

[Global flags]
     intx CICompilerCount                          = 4                                         {product} {ergonomic}
     uint ConcGCThreads                            = 2                                         {product} {ergonomic}
     uint G1ConcRefinementThreads                  = 9                                         {product} {ergonomic}
   size_t G1HeapRegionSize                         = 8388608                                   {product} {ergonomic}
    uintx GCDrainStackTargetSize                   = 64                                        {product} {ergonomic}
   size_t InitialHeapSize                          = 603979776                                 {product} {ergonomic}
     bool ManagementServer                         = true                                      {product} {command line}
   size_t MarkStackSize                            = 4194304                                   {product} {ergonomic}
   size_t MaxHeapSize                              = 9663676416                                {product} {ergonomic}
   size_t MaxNewSize                               = 5796528128                                {product} {ergonomic}
   size_t MinHeapDeltaBytes                        = 8388608                                   {product} {ergonomic}
   size_t MinHeapSize                              = 8388608                                   {product} {ergonomic}
    uintx NonNMethodCodeHeapSize                   = 16384                                  {pd product} {ergonomic}
    uintx NonProfiledCodeHeapSize                  = 0                                      {pd product} {ergonomic}
     bool ProfileInterpreter                       = false                                  {pd product} {command line}
    uintx ProfiledCodeHeapSize                     = 0                                      {pd product} {ergonomic}
   size_t SoftMaxHeapSize                          = 9663676416                             {manageable} {ergonomic}
     intx TieredStopAtLevel                        = 1                                         {product} {command line}
     bool UseCompressedOops                        = true                           {product lp64_product} {ergonomic}
     bool UseG1GC                                  = true                                      {product} {ergonomic}
     bool UseNUMA                                  = false                                     {product} {ergonomic}
     bool UseNUMAInterleaving                      = false                                     {product} {ergonomic}

Logging:
Log output configuration:
 #0: stdout all=warning uptime,level,tags foldmultilines=false
 #1: stderr all=off uptime,level,tags foldmultilines=false

Release file:
<release file has not been read>
Environment Variables:
JAVA_HOME=/Users/josiaschweizer/.sdkman/candidates/java/current
PATH=/Users/josiaschweizer/.sdkman/candidates/java/current/bin:/opt/homebrew/opt/libpq/bin:/opt/homebrew/opt/node@22/bin:/opt/homebrew/Cellar/openjdk@21/21.0.11/libexec/openjdk.jdk/Contents/Home/bin:/Users/josiaschweizer/Library/pnpm/bin:/usr/local/bin:/System/Cryptexes/App/usr/bin:/usr/bin:/bin:/usr/sbin:/sbin:/var/run/com.apple.security.cryptexd/codex.system/bootstrap/usr/local/bin:/var/run/com.apple.security.cryptexd/codex.system/bootstrap/usr/bin:/var/run/com.apple.security.cryptexd/codex.system/bootstrap/usr/appleinternal/bin:/pkg/env/global/bin:/usr/local/share/dotnet:~/.dotnet/tools:/opt/homebrew/bin:/Users/josiaschweizer/Library/Application Support/JetBrains/Toolbox/scripts:/Users/josiaschweizer/.lmstudio/bin
SHELL=/bin/zsh
LANG=C.UTF-8
TMPDIR=/var/folders/nx/3xxrylk911ngxwk_cpzff9vm0000gn/T/

Active Locale:
LC_ALL=C.UTF-8
LC_COLLATE=C.UTF-8
LC_CTYPE=C.UTF-8
LC_MESSAGES=C.UTF-8
LC_MONETARY=C.UTF-8
LC_NUMERIC=C.UTF-8
LC_TIME=C.UTF-8

Signal Handlers:
   SIGSEGV: crash_handler in libjvm.dylib, mask=11100110000111110111111111111111, flags=SA_ONSTACK|SA_RESTART|SA_SIGINFO, unblocked
    SIGBUS: crash_handler in libjvm.dylib, mask=11100110000111110111111111111111, flags=SA_RESTART|SA_SIGINFO, unblocked
    SIGFPE: crash_handler in libjvm.dylib, mask=11100110000111110111111111111111, flags=SA_RESTART|SA_SIGINFO, unblocked
   SIGPIPE: javaSignalHandler in libjvm.dylib, mask=11100110000111110111111111111111, flags=SA_RESTART|SA_SIGINFO, blocked
   SIGXFSZ: javaSignalHandler in libjvm.dylib, mask=11100110000111110111111111111111, flags=SA_RESTART|SA_SIGINFO, blocked
    SIGILL: crash_handler in libjvm.dylib, mask=11100110000111110111111111111111, flags=SA_RESTART|SA_SIGINFO, unblocked
   SIGUSR2: SR_handler in libjvm.dylib, mask=00000000000000000000000000000000, flags=SA_RESTART|SA_SIGINFO, blocked
    SIGHUP: UserHandler in libjvm.dylib, mask=11100110000111110111111111111111, flags=SA_RESTART|SA_SIGINFO, blocked
    SIGINT: UserHandler in libjvm.dylib, mask=11100110000111110111111111111111, flags=SA_RESTART|SA_SIGINFO, blocked
   SIGTERM: UserHandler in libjvm.dylib, mask=11100110000111110111111111111111, flags=SA_RESTART|SA_SIGINFO, blocked
   SIGQUIT: UserHandler in libjvm.dylib, mask=11100110000111110111111111111111, flags=SA_RESTART|SA_SIGINFO, blocked
   SIGTRAP: crash_handler in libjvm.dylib, mask=11100110000111110111111111111111, flags=SA_RESTART|SA_SIGINFO, unblocked


Periodic native trim disabled

---------------  S Y S T E M  ---------------

OS:
uname: Darwin 25.5.0 Darwin Kernel Version 25.5.0: Mon Apr 27 20:41:06 PDT 2026; root:xnu-12377.121.6~2/RELEASE_ARM64_T6030 arm64
OS uptime: 4 days 12:20 hours
rlimit (soft/hard): STACK 8176k/65520k , CORE 0k/infinity , NPROC 6000/9000 , NOFILE 1048576/infinity , AS infinity/infinity , CPU infinity/infinity , DATA infinity/infinity , FSIZE infinity/infinity , MEMLOCK infinity/infinity , RSS infinity/infinity
load average: 3.05 5.62 4.73

CPU: total 11 (initial active 11) 0x61:0x0:0x5f4dea93:0, fp, asimd, aes, pmull, sha1, sha256, crc32, lse, sha3, sha512
machdep.cpu.brand_string:Apple M3 Pro
hw.cachelinesize:128
hw.l1icachesize:131072
hw.l1dcachesize:65536
hw.l2cachesize:4194304

Memory: 16k page, physical 37748736k(5952096k free), swap 0k(0k free)

vm_info: OpenJDK 64-Bit Server VM (21.0.11) for bsd-aarch64 JRE (21.0.11), built on 2026-04-17T19:09:35Z by "brew" with clang Apple LLVM 21.0.0 (clang-2100.0.123.102)

END.
